[{"model": "contenttypes.contenttype", "pk": 1, "fields": {"app_label": "admin", "model": "logentry"}}, {"model": "contenttypes.contenttype", "pk": 2, "fields": {"app_label": "auth", "model": "permission"}}, {"model": "contenttypes.contenttype", "pk": 3, "fields": {"app_label": "auth", "model": "group"}}, {"model": "contenttypes.contenttype", "pk": 4, "fields": {"app_label": "auth", "model": "user"}}, {"model": "contenttypes.contenttype", "pk": 5, "fields": {"app_label": "contenttypes", "model": "contenttype"}}, {"model": "contenttypes.contenttype", "pk": 6, "fields": {"app_label": "sessions", "model": "session"}}, {"model": "contenttypes.contenttype", "pk": 7, "fields": {"app_label": "api", "model": "address"}}, {"model": "contenttypes.contenttype", "pk": 8, "fields": {"app_label": "api", "model": "email"}}, {"model": "contenttypes.contenttype", "pk": 9, "fields": {"app_label": "api", "model": "identifier"}}, {"model": "contenttypes.contenttype", "pk": 10, "fields": {"app_label": "api", "model": "image"}}, {"model": "contenttypes.contenttype", "pk": 11, "fields": {"app_label": "api", "model": "license"}}, {"model": "contenttypes.contenttype", "pk": 12, "fields": {"app_label": "api", "model": "phone"}}, {"model": "contenttypes.contenttype", "pk": 13, "fields": {"app_label": "api", "model": "record"}}, {"model": "contenttypes.contenttype", "pk": 14, "fields": {"app_label": "api", "model": "relation"}}, {"model": "contenttypes.contenttype", "pk": 15, "fields": {"app_label": "api", "model": "resource"}}, {"model": "contenttypes.contenttype", "pk": 16, "fields": {"app_label": "api", "model": "socialaccount"}}, {"model": "contenttypes.contenttype", "pk": 17, "fields": {"app_label": "api", "model": "tag"}}, {"model": "contenttypes.contenttype", "pk": 18, "fields": {"app_label": "api", "model": "term"}}, {"model": "contenttypes.contenttype", "pk": 19, "fields": {"app_label": "api", "model": "category"}}, {"model": "contenttypes.contenttype", "pk": 20, "fields": {"app_label": "api", "model": "snippet"}}, {"model": "contenttypes.contenttype", "pk": 21, "fields": {"app_label": "api", "model": "date"}}, {"model": "contenttypes.contenttype", "pk": 22, "fields": {"app_label": "api", "model": "location"}}, {"model": "contenttypes.contenttype", "pk": 23, "fields": {"app_label": "api", "model": "recorddate"}}, {"model": "contenttypes.contenttype", "pk": 24, "fields": {"app_label": "api", "model": "recordlocation"}}, {"model": "contenttypes.contenttype", "pk": 25, "fields": {"app_label": "api", "model": "recordsource"}}, {"model": "contenttypes.contenttype", "pk": 26, "fields": {"app_label": "api", "model": "source"}}, {"model": "contenttypes.contenttype", "pk": 27, "fields": {"app_label": "api", "model": "recordtimespace"}}, {"model": "sessions.session", "pk": "c7v8glze1u2z8j076zy5fd65t1w1lr5t", "fields": {"session_data": "NjliYWEzMzM3OWI1YTQwYzRkMjVlZjM1OGJmMDNhOTFhYmMyZWI3Mzp7Il9hdXRoX3VzZXJfaWQiOiIxIiwiX2F1dGhfdXNlcl9iYWNrZW5kIjoiZGphbmdvLmNvbnRyaWIuYXV0aC5iYWNrZW5kcy5Nb2RlbEJhY2tlbmQiLCJfYXV0aF91c2VyX2hhc2giOiIxMmU1OTM2NGYzNDRiNTQwMWJiMTQzYWY3MWI5YmE1YTJiMGMxN2I1In0=", "expire_date": "2017-10-08T22:25:52.142Z"}}, {"model": "sessions.session", "pk": "i2gt4yu68xnoj92a8u4reucm7nlnkdyh", "fields": {"session_data": "NjliYWEzMzM3OWI1YTQwYzRkMjVlZjM1OGJmMDNhOTFhYmMyZWI3Mzp7Il9hdXRoX3VzZXJfaWQiOiIxIiwiX2F1dGhfdXNlcl9iYWNrZW5kIjoiZGphbmdvLmNvbnRyaWIuYXV0aC5iYWNrZW5kcy5Nb2RlbEJhY2tlbmQiLCJfYXV0aF91c2VyX2hhc2giOiIxMmU1OTM2NGYzNDRiNTQwMWJiMTQzYWY3MWI5YmE1YTJiMGMxN2I1In0=", "expire_date": "2017-10-10T05:12:54.390Z"}}, {"model": "api.term", "pk": 1, "fields": {"created_on": "2017-09-30T11:42:49.049Z", "modified_on": "2017-10-02T03:30:12.698Z", "value": "painting", "slug": "painting", "vocabulary": null, "description": "", "canonical_url": null, "parent": null, "same_as": []}}, {"model": "api.term", "pk": 2, "fields": {"created_on": "2017-09-30T11:43:05.098Z", "modified_on": "2017-10-02T03:30:14.793Z", "value": "drawing", "slug": "drawing", "vocabulary": null, "description": "", "canonical_url": null, "parent": null, "same_as": []}}, {"model": "api.term", "pk": 3, "fields": {"created_on": "2017-09-30T11:43:20.061Z", "modified_on": "2017-10-02T03:30:16.919Z", "value": "programming", "slug": "programming", "vocabulary": null, "description": "", "canonical_url": null, "parent": null, "same_as": []}}, {"model": "api.term", "pk": 4, "fields": {"created_on": "2017-09-30T13:58:10.318Z", "modified_on": "2017-10-02T03:30:19.954Z", "value": "photography", "slug": "photography", "vocabulary": null, "description": "", "canonical_url": null, "parent": null, "same_as": []}}, {"model": "api.term", "pk": 5, "fields": {"created_on": "2017-09-30T14:25:50.380Z", "modified_on": "2017-10-02T03:30:22.813Z", "value": "prints", "slug": "prints", "vocabulary": null, "description": "", "canonical_url": null, "parent": null, "same_as": []}}, {"model": "api.term", "pk": 6, "fields": {"created_on": "2017-09-30T14:25:56.637Z", "modified_on": "2017-10-02T03:30:25.032Z", "value": "posters", "slug": "posters", "vocabulary": null, "description": "", "canonical_url": null, "parent": null, "same_as": []}}, {"model": "api.term", "pk": 7, "fields": {"created_on": "2017-10-01T03:11:03.813Z", "modified_on": "2017-10-02T03:30:27.527Z", "value": "arts, general", "slug": "arts-general", "vocabulary": null, "description": "", "canonical_url": null, "parent": null, "same_as": []}}, {"model": "api.term", "pk": 8, "fields": {"created_on": "2017-10-01T19:01:57.722Z", "modified_on": "2017-10-02T03:33:33.367Z", "value": "outsider art", "slug": "outsider-art", "vocabulary": null, "description": "", "canonical_url": null, "parent": null, "same_as": [10]}}, {"model": "api.term", "pk": 9, "fields": {"created_on": "2017-10-02T02:05:33.859Z", "modified_on": "2017-10-02T02:05:33.859Z", "value": "sculpture", "slug": "sculpture", "vocabulary": null, "description": "", "canonical_url": null, "parent": null, "same_as": []}}, {"model": "api.term", "pk": 10, "fields": {"created_on": "2017-10-02T03:26:10.371Z", "modified_on": "2017-10-02T03:27:51.263Z", "value": "outsider art", "slug": "aat-outsider-art", "vocabulary": "aat", "description": "", "canonical_url": "http://vocab.getty.edu/aat/300056472", "parent": null, "same_as": [8]}}, {"model": "api.term", "pk": 11, "fields": {"created_on": "2017-10-03T11:59:15.168Z", "modified_on": "2017-10-03T11:59:15.168Z", "value": "architecture", "slug": "architecture", "vocabulary": null, "description": "", "canonical_url": null, "parent": null, "same_as": []}}, {"model": "api.term", "pk": 12, "fields": {"created_on": "2017-10-06T22:15:54.125Z", "modified_on": "2017-10-06T22:15:54.125Z", "value": "installation", "slug": "installation", "vocabulary": null, "description": "", "canonical_url": null, "parent": null, "same_as": []}}, {"model": "api.date", "pk": 3, "fields": {"created_on": "2017-10-06T03:53:01.727Z", "modified_on": "2017-10-06T03:53:01.727Z", "date": "1977-05-23T00:00:00Z", "duration": 0, "precision": 0}}, {"model": "api.date", "pk": 4, "fields": {"created_on": "2017-10-06T22:20:28.624Z", "modified_on": "2017-10-06T22:20:28.624Z", "date": "2017-10-05T15:30:00Z", "duration": 0, "precision": 0}}, {"model": "api.location", "pk": 1, "fields": {"created_on": "2017-10-06T00:44:09.249Z", "modified_on": "2017-10-06T00:44:09.249Z", "latitude": "41.8551500", "longitude": "-87.6487780", "altitude": null, "street": "913 W Cullerton\r\nApartment 1", "locality": "Chicago", "region": "IL", "postal_code": "60608", "countries": "US"}}, {"model": "api.location", "pk": 2, "fields": {"created_on": "2017-10-06T03:52:39.499Z", "modified_on": "2017-10-06T03:52:39.499Z", "latitude": "42.3998150", "longitude": "-83.2303790", "altitude": null, "street": "15105 Piedmont", "locality": "Detroit", "region": "MI", "postal_code": "48223", "countries": "US"}}, {"model": "api.location", "pk": 3, "fields": {"created_on": "2017-10-06T22:13:17.545Z", "modified_on": "2017-10-06T22:13:17.545Z", "latitude": "41.8809920", "longitude": "-87.6256490", "altitude": null, "street": "37 S. Wabash", "locality": "Chicago", "region": "IL", "postal_code": "60603", "countries": "US"}}, {"model": "api.source", "pk": 5, "fields": {"created_on": "2017-10-06T00:01:31.230Z", "modified_on": "2017-10-06T00:09:50.087Z", "label": "website", "title": "The Visualist", "publisher": "Culture/Math", "place": "Chicago", "date": "", "url": "http://thevisualist.org/", "properties": {"authors": ["Duguid, Meg", "Thomas, Michael"], "edition": "1"}}}, {"model": "api.source", "pk": 6, "fields": {"created_on": "2017-10-06T00:09:08.280Z", "modified_on": "2017-10-06T00:09:41.245Z", "label": "book", "title": "A Pocket Style Manual", "publisher": "Bedford/St. Martin's", "place": "Boston, New York", "date": "2003", "url": "http://dianahacker.com/pocket", "properties": {"authors": ["Hacker, Diana"], "edition": "4th edition", "identifiers": [{"value": "0312406843", "system": "ISBN"}]}}}, {"model": "api.source", "pk": 7, "fields": {"created_on": "2017-10-06T03:06:05.734Z", "modified_on": "2017-10-06T03:06:05.734Z", "label": "book", "title": "The ChicagoArts Guide", "publisher": "Chicago Review Press", "place": "Chicago, IL", "date": "1993", "url": "", "properties": {"authors": ["Sawyers, June Skinner", "Telingator, Sue"], "edition": "1st edition", "identifiers": [{"value": "1556521626", "system": "ISBN"}]}}}, {"model": "api.source", "pk": 8, "fields": {"created_on": "2017-10-06T03:25:44.913Z", "modified_on": "2017-10-06T03:25:44.913Z", "label": "website", "title": "Wikipedia", "publisher": "", "place": "", "date": "", "url": "http://en.wikipedia.org", "properties": {}}}, {"model": "api.recordsource", "pk": 2, "fields": {"created_on": "2017-10-06T03:24:34.631Z", "modified_on": "2017-10-06T13:53:19.794Z", "accessed": "2017-10-06", "record": 19, "source": 7, "properties": {"pages": "38"}}}, {"model": "api.recordsource", "pk": 3, "fields": {"created_on": "2017-10-06T22:35:31.840Z", "modified_on": "2017-10-06T22:35:31.840Z", "accessed": "2017-10-06", "record": 33, "source": 5, "properties": {"urls": [{"href": "http://www.thevisualist.org/2017/10/making-out-2/"}]}}}, {"model": "api.relation", "pk": 2, "fields": {"created_on": "2017-10-03T14:46:31.788Z", "modified_on": "2017-10-03T14:46:31.815Z", "subject": 12, "predicate": "has_creator", "dobject": 10, "properties": {}, "dates": [], "locations": [], "sources": []}}, {"model": "api.relation", "pk": 3, "fields": {"created_on": "2017-10-03T14:46:31.788Z", "modified_on": "2017-10-03T14:46:31.815Z", "subject": 11, "predicate": "has_creator", "dobject": 10, "properties": {}, "dates": [], "locations": [], "sources": []}}, {"model": "api.relation", "pk": 4, "fields": {"created_on": "2017-10-03T14:46:31.788Z", "modified_on": "2017-10-03T14:46:31.815Z", "subject": 1, "predicate": "has_friend", "dobject": 2, "properties": {}, "dates": [], "locations": [], "sources": []}}, {"model": "api.relation", "pk": 6, "fields": {"created_on": "2017-10-03T14:46:31.788Z", "modified_on": "2017-10-03T14:46:31.815Z", "subject": 1, "predicate": "has_friend", "dobject": 3, "properties": {}, "dates": [], "locations": [], "sources": []}}, {"model": "api.relation", "pk": 7, "fields": {"created_on": "2017-10-03T14:46:31.788Z", "modified_on": "2017-10-03T14:46:31.815Z", "subject": 1, "predicate": "has_spouse", "dobject": 6, "properties": {}, "dates": [], "locations": [], "sources": []}}, {"model": "api.relation", "pk": 10, "fields": {"created_on": "2017-10-03T14:46:31.788Z", "modified_on": "2017-10-03T14:46:31.815Z", "subject": 3, "predicate": "has_spouse", "dobject": 2, "properties": {}, "dates": [], "locations": [], "sources": []}}, {"model": "api.relation", "pk": 12, "fields": {"created_on": "2017-10-03T14:46:31.788Z", "modified_on": "2017-10-03T14:46:31.815Z", "subject": 17, "predicate": "has_parent", "dobject": 16, "properties": {}, "dates": [], "locations": [], "sources": []}}, {"model": "api.relation", "pk": 15, "fields": {"created_on": "2017-10-03T14:46:31.788Z", "modified_on": "2017-10-03T14:46:31.815Z", "subject": 19, "predicate": "has_parent", "dobject": 20, "properties": {}, "dates": [], "locations": [], "sources": []}}, {"model": "api.relation", "pk": 16, "fields": {"created_on": "2017-10-03T14:46:31.788Z", "modified_on": "2017-10-03T14:46:31.815Z", "subject": 20, "predicate": "has_employee", "dobject": 6, "properties": {}, "dates": [], "locations": [], "sources": []}}, {"model": "api.relation", "pk": 21, "fields": {"created_on": "2017-10-03T14:46:31.788Z", "modified_on": "2017-10-03T14:46:31.815Z", "subject": 28, "predicate": "has_creator", "dobject": 10, "properties": {}, "dates": [], "locations": [], "sources": []}}, {"model": "api.relation", "pk": 26, "fields": {"created_on": "2017-10-06T12:27:09.643Z", "modified_on": "2017-10-06T22:13:56.321Z", "subject": 1, "predicate": "has_beginning", "dobject": null, "properties": {}, "dates": [3], "locations": [2], "sources": []}}, {"model": "api.relation", "pk": 27, "fields": {"created_on": "2017-10-06T21:48:25.959Z", "modified_on": "2017-10-06T22:10:53.685Z", "subject": 32, "predicate": "has_primary", "dobject": 7, "properties": {}, "dates": [], "locations": [], "sources": []}}, {"model": "api.relation", "pk": 29, "fields": {"created_on": "2017-10-06T22:13:39.951Z", "modified_on": "2017-10-06T22:13:39.951Z", "subject": 32, "predicate": "has_location", "dobject": null, "properties": {}, "dates": [], "locations": [3], "sources": []}}, {"model": "api.relation", "pk": 30, "fields": {"created_on": "2017-10-06T22:19:23.954Z", "modified_on": "2017-10-06T22:27:46.216Z", "subject": 33, "predicate": "has_venue", "dobject": 32, "properties": {}, "dates": [], "locations": [], "sources": []}}, {"model": "api.record", "pk": 1, "fields": {"created_on": "2017-09-24T22:29:28.275Z", "modified_on": "2017-10-01T18:15:25.076Z", "name": "Berry, Allan", "slug": "berry-allan", "label": "person", "properties": {"types": ["artist", "programmer"]}, "description": null, "is_active": true, "is_featured": false, "is_approved": true, "is_web_public": true, "terms": [], "images": []}}, {"model": "api.record", "pk": 2, "fields": {"created_on": "2017-09-24T22:29:50.795Z", "modified_on": "2017-10-01T18:15:11.509Z", "name": "Duguid, Meg", "slug": "duguid-meg", "label": "person", "properties": {"types": ["artist"]}, "description": null, "is_active": true, "is_featured": false, "is_approved": true, "is_web_public": true, "terms": [], "images": []}}, {"model": "api.record", "pk": 3, "fields": {"created_on": "2017-09-24T22:30:06.756Z", "modified_on": "2017-10-01T18:15:44.420Z", "name": "Thomas, Michael", "slug": "thomas-michael", "label": "person", "properties": {"types": ["artist"]}, "description": null, "is_active": true, "is_featured": false, "is_approved": true, "is_web_public": true, "terms": [], "images": []}}, {"model": "api.record", "pk": 6, "fields": {"created_on": "2017-09-24T22:31:03.365Z", "modified_on": "2017-10-01T18:14:51.680Z", "name": "Funk, Tiffany", "slug": "funk-tiffany", "label": "person", "properties": {"types": ["artist", "writer", "professor"]}, "description": null, "is_active": true, "is_featured": false, "is_approved": true, "is_web_public": true, "terms": [], "images": []}}, {"model": "api.record", "pk": 7, "fields": {"created_on": "2017-09-24T22:31:39.833Z", "modified_on": "2017-10-01T18:14:18.887Z", "name": "Art Institute of Chicago", "slug": "art-institute-chicago", "label": "organization", "properties": {"types": ["museum", "school"]}, "description": null, "is_active": true, "is_featured": false, "is_approved": true, "is_web_public": true, "terms": [], "images": []}}, {"model": "api.record", "pk": 8, "fields": {"created_on": "2017-09-24T22:32:13.206Z", "modified_on": "2017-10-01T18:14:07.713Z", "name": "Chicago Artists Coalition", "slug": "chicago-artists-coalition", "label": "organization", "properties": {"types": ["gallery", "foundation"]}, "description": null, "is_active": true, "is_featured": false, "is_approved": true, "is_web_public": true, "terms": [], "images": []}}, {"model": "api.record", "pk": 9, "fields": {"created_on": "2017-09-24T22:32:45.934Z", "modified_on": "2017-10-01T18:13:49.498Z", "name": "Carl Hammer Gallery", "slug": "carl-hammer-gallery", "label": "organization", "properties": {"types": ["gallery"]}, "description": null, "is_active": true, "is_featured": false, "is_approved": true, "is_web_public": true, "terms": [], "images": []}}, {"model": "api.record", "pk": 10, "fields": {"created_on": "2017-09-24T22:33:05.910Z", "modified_on": "2017-10-02T03:57:24.640Z", "name": "Picasso, Pablo", "slug": "picasso-pablo", "label": "person", "properties": {"types": ["artist"], "same_as": [{"system": "ULAN", "identifier": "500009666"}]}, "description": "", "is_active": true, "is_featured": false, "is_approved": true, "is_web_public": true, "terms": [], "images": []}}, {"model": "api.record", "pk": 11, "fields": {"created_on": "2017-09-24T22:34:32.301Z", "modified_on": "2017-10-01T18:13:22.345Z", "name": "Les Demoiselles d'Avignon", "slug": "les-demoiselles-davignon", "label": "work", "properties": {"types": ["artwork"]}, "description": null, "is_active": true, "is_featured": false, "is_approved": true, "is_web_public": true, "terms": [], "images": []}}, {"model": "api.record", "pk": 12, "fields": {"created_on": "2017-09-24T22:34:59.392Z", "modified_on": "2017-10-01T18:13:05.183Z", "name": "Guernica", "slug": "guernica", "label": "work", "properties": {"types": ["artwork"]}, "description": null, "is_active": true, "is_featured": false, "is_approved": false, "is_web_public": true, "terms": [], "images": []}}, {"model": "api.record", "pk": 16, "fields": {"created_on": "2017-09-24T22:41:32.527Z", "modified_on": "2017-10-01T18:12:16.118Z", "name": "Expo Chicago", "slug": "expo-chicago", "label": "event", "properties": {"types": ["convention", "fair"]}, "description": null, "is_active": true, "is_featured": false, "is_approved": true, "is_web_public": true, "terms": [], "images": []}}, {"model": "api.record", "pk": 17, "fields": {"created_on": "2017-09-24T22:42:06.131Z", "modified_on": "2017-10-01T18:12:02.683Z", "name": "Test Gallery Opening", "slug": "test-gallery-opening", "label": "event", "properties": {"types": ["reception"]}, "description": null, "is_active": true, "is_featured": false, "is_approved": true, "is_web_public": true, "terms": [], "images": []}}, {"model": "api.record", "pk": 19, "fields": {"created_on": "2017-09-30T14:11:38.350Z", "modified_on": "2017-10-01T18:11:33.795Z", "name": "Museum of Contemporary Photography", "slug": "museum-contemporary-photography", "label": "organization", "properties": {"dates": [{"date": "1983", "label": "started"}], "types": ["museum"], "phones": [{"number": 5554, "country": 1, "area_code": 312, "exchange_code": 663}], "addresses": [{"region": "IL", "street": "600 S. Michigan", "country": "US", "locality": "Chicago", "postal_code": "60605"}]}, "description": null, "is_active": true, "is_featured": false, "is_approved": true, "is_web_public": true, "terms": [4], "images": []}}, {"model": "api.record", "pk": 20, "fields": {"created_on": "2017-09-30T14:14:40.320Z", "modified_on": "2017-10-01T18:11:02.970Z", "name": "Columbia College Chicago", "slug": "columbia-college-chicago", "label": "organization", "properties": {"types": ["school"]}, "description": null, "is_active": true, "is_featured": false, "is_approved": true, "is_web_public": true, "terms": [], "images": []}}, {"model": "api.record", "pk": 21, "fields": {"created_on": "2017-09-30T14:29:17.911Z", "modified_on": "2017-10-01T18:10:35.290Z", "name": "Galerie F", "slug": "galerie-f", "label": "organization", "properties": {"urls": [{"href": "http://www.galerief.com/"}], "types": ["gallery"]}, "description": null, "is_active": true, "is_featured": false, "is_approved": true, "is_web_public": true, "terms": [5, 6], "images": []}}, {"model": "api.record", "pk": 28, "fields": {"created_on": "2017-10-02T02:09:25.752Z", "modified_on": "2017-10-02T02:09:25.752Z", "name": "Chicago Picasso", "slug": "chicago-picasso", "label": "work", "properties": {"types": ["sculpture", "installation"]}, "description": "", "is_active": true, "is_featured": false, "is_approved": true, "is_web_public": true, "terms": [9], "images": []}}, {"model": "api.record", "pk": 32, "fields": {"created_on": "2017-10-06T14:02:54.657Z", "modified_on": "2017-10-06T14:02:54.657Z", "name": "SITE Sharp", "slug": "site-sharp", "label": "organization", "properties": {"types": ["gallery"]}, "description": "", "is_active": true, "is_featured": false, "is_approved": true, "is_web_public": true, "terms": [], "images": []}}, {"model": "api.record", "pk": 33, "fields": {"created_on": "2017-10-06T22:17:06.238Z", "modified_on": "2017-10-06T22:17:06.238Z", "name": "Making Out", "slug": "making-out", "label": "event", "properties": {"types": ["exhibition"]}, "description": "MAKING OUT turns the SITE gallery into a space of playful resistance. The work will center around a large installation of bleachers that suggest a high school football field \u2014 the kind of bleachers that provide a refuge for clandestine kissing. MAKING OUT fosters radical imagination by constructing a particular, touchable, sometimes functional site for envisioning tenderness. This show is a collaboration by a group of artists known as HIVE.\r\n\r\nThe work is a site of negotiation between power and intimacy. It aims to clarify the question of whether tenderness can resist and alter systemic power structures. This work encourages and explores the practice of making out in the context of institutional subjugation. HIVE intends to remain hopeful via this exploration. HIVE intends, at every step, to acknowledge the possibility that if we keep kissing, we may alter the conditions of our subjugation. At the same time, paradoxically, we humbly acknowledge our helplessness in the face of power: we make out all the same.\r\n\r\nSeveral programs and happenings will take place as we explore these ideas with the gallery\u2019s visitors. Some programs take place under the refuge of the bleachers. Some will be available to stream online, as this show is both local and dispersed. In addition to the bleachers, this show includes interactive sound and touch installations, as well as a limited quantity of free zines.\r\n\r\nMAKING OUT is the first exhibition in SITE Galleries by students in SAIC\u2019s Low-Residency MFA program, which was established in 2014. It is a joint effort by HIVE, a group comprised of class of 2018 Low-Residency students Maggie Wong, Nancy Murphy-Spicer, Morris Fox, Morgan Green, Brendan Getz, and C Alex Clark. We are grateful to the faculty, loved-ones, and remote collaborators who join us in this work.\r\n\r\nOCTOBER 5 \u2014 Exhibition Opening & Reception, 3:30 \u2013 6:30 PM\r\n\r\nOCTOBER 11 \u2014 Kissin\u2019 and Kiss-in\r\n4:00 PM Kiss-In\r\nWe encourage those who are curious about affectionate touch as a form of resistance to attend this event. We will model methods of consent before practicing them though kissing. Participants can kiss in whatever way they are comfortable: on the hand, on the cheek, or more intimately. Here we actively support careful touch, tenderness and communication. Participants may also choose at any time to watch, rather than participate.\r\nThis action is a sincere and hopeful attempt to evaluate the gallery\u2019s potential as a space of resistance, of inclusion rather than exclusion. It looks to the 90s kiss-ins staged by ACT UP, an AIDS direct action advocacy group that included our program director Gregg Bordowitz. Our action takes tactics that have been historically effective in the street, and enacts them in the space of the gallery \u2014 in the shelter we have built there. We are using these tactics in this case to build notions of empowerment through intimacy, and to fortify tools of consent. We thank our program director for the conversations that suggested and enabled this action, and we hope that it serves both as a way to try something new and as a way to honor history.\r\n5:00 PM We Won\u2019t Get Bored Kissing Because Time Will Be a Mobius Strip\r\nIn this lecture, Morgan Green will seriously consider alternative conceptions of time as tools of resistance. She will draw from queer theory and popular media as she clumsily attempts to simulate (pedagogically) the experience of making out forever. A supplementary zine will distributed after the talk.\r\n\r\nOCTOBER 18 \u2014 Digitally Intimate\r\nMaggie Wong, MC\r\n4:00 PM Safer Space Talks\r\nA series of video-cast talks curated by Morris Fox, in which experts from different arenas discuss strategies around creating safer spaces.\r\n\r\n5:00 PM Bedsheet Poetry Readings (40 min, two poets each reading for 15 min and a Q and A at the end for 10 min)\r\nA series of video-cast poetry readings curated by C Alex Clark, in which poets Bailey Schaumburg (St. Louis, MO) and Katie Johnson (Santa Fe, NM) Skype in from their bedrooms, in whatever state of dress they choose.\r\n\r\nONGOING\r\nSoft/Resist Happenings\r\nDuring the first ten days of the exhibition, Morris Fox will be performing sporadic, interactive acts of poetry around campus and on campus radio. Check out SITE\u2019s Facebook and Instagram accounts for details as they come.\r\n\r\nGallery naps, snacks, and lunches.\r\nYou might come by the gallery and find one of the artists eating or napping under or next to the bleachers. If you do, you\u2019d be welcome to join them! Whether or not artists are present, feel free to come by to enjoy a nap or a meal. Tuesdays and Fridays, noon to one, throughout the duration of the show\r\n\r\nZine distribution\r\nCome by the gallery for limited free distribution of these two zines:\r\n\r\n\u201cSoft/Resist\u201d by Morris Fox. Available for a limited time. The zine is to interpret the question of what safe space is, it is to navigate poetically or visually the delineation of intimacy and institutional resistance, it is an attempt to curate a collection of works that speaks to the issues mentioned without disregarding other forms of agency\r\n\r\n\u201cWe Won\u2019t Get Bored Kissing Because Time Will Be a Mobius Strip\u201d by Morgan Green. Zine containing text of Morgan\u2019s October 11 lecture, as well as some other surprises. Available in gallery from October 12.", "is_active": true, "is_featured": false, "is_approved": true, "is_web_public": true, "terms": [7, 12], "images": []}}, {"model": "api.record", "pk": 34, "fields": {"created_on": "2017-10-06T22:28:43.247Z", "modified_on": "2017-10-06T22:28:53.595Z", "name": "Making Out opening", "slug": "making-out-opening", "label": "event", "properties": {"types": ["reception"]}, "description": "", "is_active": true, "is_featured": false, "is_approved": true, "is_web_public": true, "terms": [], "images": []}}, {"model": "auth.permission", "pk": 1, "fields": {"name": "Can add log entry", "content_type": 1, "codename": "add_logentry"}}, {"model": "auth.permission", "pk": 2, "fields": {"name": "Can change log entry", "content_type": 1, "codename": "change_logentry"}}, {"model": "auth.permission", "pk": 3, "fields": {"name": "Can delete log entry", "content_type": 1, "codename": "delete_logentry"}}, {"model": "auth.permission", "pk": 4, "fields": {"name": "Can add permission", "content_type": 2, "codename": "add_permission"}}, {"model": "auth.permission", "pk": 5, "fields": {"name": "Can change permission", "content_type": 2, "codename": "change_permission"}}, {"model": "auth.permission", "pk": 6, "fields": {"name": "Can delete permission", "content_type": 2, "codename": "delete_permission"}}, {"model": "auth.permission", "pk": 7, "fields": {"name": "Can add group", "content_type": 3, "codename": "add_group"}}, {"model": "auth.permission", "pk": 8, "fields": {"name": "Can change group", "content_type": 3, "codename": "change_group"}}, {"model": "auth.permission", "pk": 9, "fields": {"name": "Can delete group", "content_type": 3, "codename": "delete_group"}}, {"model": "auth.permission", "pk": 10, "fields": {"name": "Can add user", "content_type": 4, "codename": "add_user"}}, {"model": "auth.permission", "pk": 11, "fields": {"name": "Can change user", "content_type": 4, "codename": "change_user"}}, {"model": "auth.permission", "pk": 12, "fields": {"name": "Can delete user", "content_type": 4, "codename": "delete_user"}}, {"model": "auth.permission", "pk": 13, "fields": {"name": "Can add content type", "content_type": 5, "codename": "add_contenttype"}}, {"model": "auth.permission", "pk": 14, "fields": {"name": "Can change content type", "content_type": 5, "codename": "change_contenttype"}}, {"model": "auth.permission", "pk": 15, "fields": {"name": "Can delete content type", "content_type": 5, "codename": "delete_contenttype"}}, {"model": "auth.permission", "pk": 16, "fields": {"name": "Can add session", "content_type": 6, "codename": "add_session"}}, {"model": "auth.permission", "pk": 17, "fields": {"name": "Can change session", "content_type": 6, "codename": "change_session"}}, {"model": "auth.permission", "pk": 18, "fields": {"name": "Can delete session", "content_type": 6, "codename": "delete_session"}}, {"model": "auth.permission", "pk": 19, "fields": {"name": "Can add address", "content_type": 7, "codename": "add_address"}}, {"model": "auth.permission", "pk": 20, "fields": {"name": "Can change address", "content_type": 7, "codename": "change_address"}}, {"model": "auth.permission", "pk": 21, "fields": {"name": "Can delete address", "content_type": 7, "codename": "delete_address"}}, {"model": "auth.permission", "pk": 22, "fields": {"name": "Can add email", "content_type": 8, "codename": "add_email"}}, {"model": "auth.permission", "pk": 23, "fields": {"name": "Can change email", "content_type": 8, "codename": "change_email"}}, {"model": "auth.permission", "pk": 24, "fields": {"name": "Can delete email", "content_type": 8, "codename": "delete_email"}}, {"model": "auth.permission", "pk": 25, "fields": {"name": "Can add identifier", "content_type": 9, "codename": "add_identifier"}}, {"model": "auth.permission", "pk": 26, "fields": {"name": "Can change identifier", "content_type": 9, "codename": "change_identifier"}}, {"model": "auth.permission", "pk": 27, "fields": {"name": "Can delete identifier", "content_type": 9, "codename": "delete_identifier"}}, {"model": "auth.permission", "pk": 28, "fields": {"name": "Can add image", "content_type": 10, "codename": "add_image"}}, {"model": "auth.permission", "pk": 29, "fields": {"name": "Can change image", "content_type": 10, "codename": "change_image"}}, {"model": "auth.permission", "pk": 30, "fields": {"name": "Can delete image", "content_type": 10, "codename": "delete_image"}}, {"model": "auth.permission", "pk": 31, "fields": {"name": "Can add license", "content_type": 11, "codename": "add_license"}}, {"model": "auth.permission", "pk": 32, "fields": {"name": "Can change license", "content_type": 11, "codename": "change_license"}}, {"model": "auth.permission", "pk": 33, "fields": {"name": "Can delete license", "content_type": 11, "codename": "delete_license"}}, {"model": "auth.permission", "pk": 34, "fields": {"name": "Can add phone", "content_type": 12, "codename": "add_phone"}}, {"model": "auth.permission", "pk": 35, "fields": {"name": "Can change phone", "content_type": 12, "codename": "change_phone"}}, {"model": "auth.permission", "pk": 36, "fields": {"name": "Can delete phone", "content_type": 12, "codename": "delete_phone"}}, {"model": "auth.permission", "pk": 37, "fields": {"name": "Can add record", "content_type": 13, "codename": "add_record"}}, {"model": "auth.permission", "pk": 38, "fields": {"name": "Can change record", "content_type": 13, "codename": "change_record"}}, {"model": "auth.permission", "pk": 39, "fields": {"name": "Can delete record", "content_type": 13, "codename": "delete_record"}}, {"model": "auth.permission", "pk": 40, "fields": {"name": "Can add relation", "content_type": 14, "codename": "add_relation"}}, {"model": "auth.permission", "pk": 41, "fields": {"name": "Can change relation", "content_type": 14, "codename": "change_relation"}}, {"model": "auth.permission", "pk": 42, "fields": {"name": "Can delete relation", "content_type": 14, "codename": "delete_relation"}}, {"model": "auth.permission", "pk": 43, "fields": {"name": "Can add resource", "content_type": 15, "codename": "add_resource"}}, {"model": "auth.permission", "pk": 44, "fields": {"name": "Can change resource", "content_type": 15, "codename": "change_resource"}}, {"model": "auth.permission", "pk": 45, "fields": {"name": "Can delete resource", "content_type": 15, "codename": "delete_resource"}}, {"model": "auth.permission", "pk": 46, "fields": {"name": "Can add social account", "content_type": 16, "codename": "add_socialaccount"}}, {"model": "auth.permission", "pk": 47, "fields": {"name": "Can change social account", "content_type": 16, "codename": "change_socialaccount"}}, {"model": "auth.permission", "pk": 48, "fields": {"name": "Can delete social account", "content_type": 16, "codename": "delete_socialaccount"}}, {"model": "auth.permission", "pk": 49, "fields": {"name": "Can add tag", "content_type": 17, "codename": "add_tag"}}, {"model": "auth.permission", "pk": 50, "fields": {"name": "Can change tag", "content_type": 17, "codename": "change_tag"}}, {"model": "auth.permission", "pk": 51, "fields": {"name": "Can delete tag", "content_type": 17, "codename": "delete_tag"}}, {"model": "auth.permission", "pk": 52, "fields": {"name": "Can add term", "content_type": 18, "codename": "add_term"}}, {"model": "auth.permission", "pk": 53, "fields": {"name": "Can change term", "content_type": 18, "codename": "change_term"}}, {"model": "auth.permission", "pk": 54, "fields": {"name": "Can delete term", "content_type": 18, "codename": "delete_term"}}, {"model": "auth.permission", "pk": 55, "fields": {"name": "Can add category", "content_type": 19, "codename": "add_category"}}, {"model": "auth.permission", "pk": 56, "fields": {"name": "Can change category", "content_type": 19, "codename": "change_category"}}, {"model": "auth.permission", "pk": 57, "fields": {"name": "Can delete category", "content_type": 19, "codename": "delete_category"}}, {"model": "auth.permission", "pk": 58, "fields": {"name": "Can add snippet", "content_type": 20, "codename": "add_snippet"}}, {"model": "auth.permission", "pk": 59, "fields": {"name": "Can change snippet", "content_type": 20, "codename": "change_snippet"}}, {"model": "auth.permission", "pk": 60, "fields": {"name": "Can delete snippet", "content_type": 20, "codename": "delete_snippet"}}, {"model": "auth.permission", "pk": 61, "fields": {"name": "Can add date", "content_type": 21, "codename": "add_date"}}, {"model": "auth.permission", "pk": 62, "fields": {"name": "Can change date", "content_type": 21, "codename": "change_date"}}, {"model": "auth.permission", "pk": 63, "fields": {"name": "Can delete date", "content_type": 21, "codename": "delete_date"}}, {"model": "auth.permission", "pk": 64, "fields": {"name": "Can add location", "content_type": 22, "codename": "add_location"}}, {"model": "auth.permission", "pk": 65, "fields": {"name": "Can change location", "content_type": 22, "codename": "change_location"}}, {"model": "auth.permission", "pk": 66, "fields": {"name": "Can delete location", "content_type": 22, "codename": "delete_location"}}, {"model": "auth.permission", "pk": 67, "fields": {"name": "Can add record date", "content_type": 23, "codename": "add_recorddate"}}, {"model": "auth.permission", "pk": 68, "fields": {"name": "Can change record date", "content_type": 23, "codename": "change_recorddate"}}, {"model": "auth.permission", "pk": 69, "fields": {"name": "Can delete record date", "content_type": 23, "codename": "delete_recorddate"}}, {"model": "auth.permission", "pk": 70, "fields": {"name": "Can add record location", "content_type": 24, "codename": "add_recordlocation"}}, {"model": "auth.permission", "pk": 71, "fields": {"name": "Can change record location", "content_type": 24, "codename": "change_recordlocation"}}, {"model": "auth.permission", "pk": 72, "fields": {"name": "Can delete record location", "content_type": 24, "codename": "delete_recordlocation"}}, {"model": "auth.permission", "pk": 73, "fields": {"name": "Can add record source", "content_type": 25, "codename": "add_recordsource"}}, {"model": "auth.permission", "pk": 74, "fields": {"name": "Can change record source", "content_type": 25, "codename": "change_recordsource"}}, {"model": "auth.permission", "pk": 75, "fields": {"name": "Can delete record source", "content_type": 25, "codename": "delete_recordsource"}}, {"model": "auth.permission", "pk": 76, "fields": {"name": "Can add source", "content_type": 26, "codename": "add_source"}}, {"model": "auth.permission", "pk": 77, "fields": {"name": "Can change source", "content_type": 26, "codename": "change_source"}}, {"model": "auth.permission", "pk": 78, "fields": {"name": "Can delete source", "content_type": 26, "codename": "delete_source"}}, {"model": "auth.permission", "pk": 79, "fields": {"name": "Can add record timespace", "content_type": 27, "codename": "add_recordtimespace"}}, {"model": "auth.permission", "pk": 80, "fields": {"name": "Can change record timespace", "content_type": 27, "codename": "change_recordtimespace"}}, {"model": "auth.permission", "pk": 81, "fields": {"name": "Can delete record timespace", "content_type": 27, "codename": "delete_recordtimespace"}}, {"model": "auth.user", "pk": 1, "fields": {"password": "pbkdf2_sha256$36000$SvEurwStb6z1$moJz9HKx/XHMhhrROAXslYhu3zRF69VLk8Hn/FyubII=", "last_login": "2017-09-26T05:12:54.387Z", "is_superuser": true, "username": "admin", "first_name": "", "last_name": "", "email": "", "is_staff": true, "is_active": true, "date_joined": "2017-09-24T22:25:40.836Z", "groups": [], "user_permissions": []}}, {"model": "admin.logentry", "pk": 1, "fields": {"action_time": "2017-09-24T22:29:11.902Z", "user": 1, "content_type": 11, "object_id": "1", "object_repr": "public domain", "action_flag": 1, "change_message": "[{\"added\": {}}]"}}, {"model": "admin.logentry", "pk": 2, "fields": {"action_time": "2017-09-24T22:29:28.295Z", "user": 1, "content_type": 13, "object_id": "1", "object_repr": "berry-allan", "action_flag": 1, "change_message": "[{\"added\": {}}]"}}, {"model": "admin.logentry", "pk": 3, "fields": {"action_time": "2017-09-24T22:29:50.803Z", "user": 1, "content_type": 13, "object_id": "2", "object_repr": "duguid-meg", "action_flag": 1, "change_message": "[{\"added\": {}}]"}}, {"model": "admin.logentry", "pk": 4, "fields": {"action_time": "2017-09-24T22:30:06.764Z", "user": 1, "content_type": 13, "object_id": "3", "object_repr": "thomas-michael", "action_flag": 1, "change_message": "[{\"added\": {}}]"}}, {"model": "admin.logentry", "pk": 5, "fields": {"action_time": "2017-09-24T22:30:22.756Z", "user": 1, "content_type": 13, "object_id": "4", "object_repr": "funk-berry-griffin", "action_flag": 1, "change_message": "[{\"added\": {}}]"}}, {"model": "admin.logentry", "pk": 6, "fields": {"action_time": "2017-09-24T22:30:45.542Z", "user": 1, "content_type": 13, "object_id": "5", "object_repr": "funk-berry-rex", "action_flag": 1, "change_message": "[{\"added\": {}}]"}}, {"model": "admin.logentry", "pk": 7, "fields": {"action_time": "2017-09-24T22:31:03.373Z", "user": 1, "content_type": 13, "object_id": "6", "object_repr": "funk-tiffany", "action_flag": 1, "change_message": "[{\"added\": {}}]"}}, {"model": "admin.logentry", "pk": 8, "fields": {"action_time": "2017-09-24T22:31:39.840Z", "user": 1, "content_type": 13, "object_id": "7", "object_repr": "art-institute-chicago", "action_flag": 1, "change_message": "[{\"added\": {}}]"}}, {"model": "admin.logentry", "pk": 9, "fields": {"action_time": "2017-09-24T22:32:13.213Z", "user": 1, "content_type": 13, "object_id": "8", "object_repr": "chicago-artists-coalition", "action_flag": 1, "change_message": "[{\"added\": {}}]"}}, {"model": "admin.logentry", "pk": 10, "fields": {"action_time": "2017-09-24T22:32:45.945Z", "user": 1, "content_type": 13, "object_id": "9", "object_repr": "carl-hammer-gallery", "action_flag": 1, "change_message": "[{\"added\": {}}]"}}, {"model": "admin.logentry", "pk": 11, "fields": {"action_time": "2017-09-24T22:33:05.917Z", "user": 1, "content_type": 13, "object_id": "10", "object_repr": "picasso-pablo", "action_flag": 1, "change_message": "[{\"added\": {}}]"}}, {"model": "admin.logentry", "pk": 12, "fields": {"action_time": "2017-09-24T22:34:20.165Z", "user": 1, "content_type": 11, "object_id": "2", "object_repr": "rights restricted", "action_flag": 1, "change_message": "[{\"added\": {}}]"}}, {"model": "admin.logentry", "pk": 13, "fields": {"action_time": "2017-09-24T22:34:32.309Z", "user": 1, "content_type": 13, "object_id": "11", "object_repr": "les-demoiselles-davignon", "action_flag": 1, "change_message": "[{\"added\": {}}]"}}, {"model": "admin.logentry", "pk": 14, "fields": {"action_time": "2017-09-24T22:34:59.398Z", "user": 1, "content_type": 13, "object_id": "12", "object_repr": "guernica", "action_flag": 1, "change_message": "[{\"added\": {}}]"}}, {"model": "admin.logentry", "pk": 15, "fields": {"action_time": "2017-09-24T22:35:35.947Z", "user": 1, "content_type": 13, "object_id": "13", "object_repr": "about", "action_flag": 1, "change_message": "[{\"added\": {}}]"}}, {"model": "admin.logentry", "pk": 16, "fields": {"action_time": "2017-09-24T22:36:05.909Z", "user": 1, "content_type": 13, "object_id": "14", "object_repr": "copyright", "action_flag": 1, "change_message": "[{\"added\": {}}]"}}, {"model": "admin.logentry", "pk": 17, "fields": {"action_time": "2017-09-24T22:36:34.449Z", "user": 1, "content_type": 13, "object_id": "15", "object_repr": "allans-collection", "action_flag": 1, "change_message": "[{\"added\": {}}]"}}, {"model": "admin.logentry", "pk": 18, "fields": {"action_time": "2017-09-24T22:37:44.783Z", "user": 1, "content_type": 14, "object_id": "1", "object_repr": "( allans-collection )-[ has_owner ]->( berry-allan )", "action_flag": 1, "change_message": "[{\"added\": {}}]"}}, {"model": "admin.logentry", "pk": 19, "fields": {"action_time": "2017-09-24T22:38:04.015Z", "user": 1, "content_type": 14, "object_id": "2", "object_repr": "( guernica )-[ has_creator ]->( picasso-pablo )", "action_flag": 1, "change_message": "[{\"added\": {}}]"}}, {"model": "admin.logentry", "pk": 20, "fields": {"action_time": "2017-09-24T22:38:20.649Z", "user": 1, "content_type": 14, "object_id": "3", "object_repr": "( les-demoiselles-davignon )-[ has_creator ]->( picasso-pablo )", "action_flag": 1, "change_message": "[{\"added\": {}}]"}}, {"model": "admin.logentry", "pk": 21, "fields": {"action_time": "2017-09-24T22:38:43.024Z", "user": 1, "content_type": 14, "object_id": "4", "object_repr": "( berry-allan )-[ has_friend ]->( duguid-meg )", "action_flag": 1, "change_message": "[{\"added\": {}}]"}}, {"model": "admin.logentry", "pk": 22, "fields": {"action_time": "2017-09-24T22:38:59.431Z", "user": 1, "content_type": 14, "object_id": "5", "object_repr": "( berry-allan )-[ has_friend ]->( duguid-meg )", "action_flag": 1, "change_message": "[{\"added\": {}}]"}}, {"model": "admin.logentry", "pk": 23, "fields": {"action_time": "2017-09-24T22:39:18.281Z", "user": 1, "content_type": 14, "object_id": "5", "object_repr": "( berry-allan )-[ has_friend ]->( duguid-meg )", "action_flag": 3, "change_message": ""}}, {"model": "admin.logentry", "pk": 24, "fields": {"action_time": "2017-09-24T22:39:32.618Z", "user": 1, "content_type": 14, "object_id": "6", "object_repr": "( berry-allan )-[ has_friend ]->( thomas-michael )", "action_flag": 1, "change_message": "[{\"added\": {}}]"}}, {"model": "admin.logentry", "pk": 25, "fields": {"action_time": "2017-09-24T22:39:50.490Z", "user": 1, "content_type": 14, "object_id": "7", "object_repr": "( berry-allan )-[ has_spouse ]->( funk-tiffany )", "action_flag": 1, "change_message": "[{\"added\": {}}]"}}, {"model": "admin.logentry", "pk": 26, "fields": {"action_time": "2017-09-24T22:40:04.772Z", "user": 1, "content_type": 14, "object_id": "8", "object_repr": "( funk-berry-rex )-[ has_parent ]->( berry-allan )", "action_flag": 1, "change_message": "[{\"added\": {}}]"}}, {"model": "admin.logentry", "pk": 27, "fields": {"action_time": "2017-09-24T22:40:25.345Z", "user": 1, "content_type": 14, "object_id": "9", "object_repr": "( funk-berry-griffin )-[ has_parent ]->( berry-allan )", "action_flag": 1, "change_message": "[{\"added\": {}}]"}}, {"model": "admin.logentry", "pk": 28, "fields": {"action_time": "2017-09-24T22:40:45.872Z", "user": 1, "content_type": 14, "object_id": "10", "object_repr": "( thomas-michael )-[ has_spouse ]->( duguid-meg )", "action_flag": 1, "change_message": "[{\"added\": {}}]"}}, {"model": "admin.logentry", "pk": 29, "fields": {"action_time": "2017-09-24T22:41:32.538Z", "user": 1, "content_type": 13, "object_id": "16", "object_repr": "expo-chicago", "action_flag": 1, "change_message": "[{\"added\": {}}]"}}, {"model": "admin.logentry", "pk": 30, "fields": {"action_time": "2017-09-24T22:42:06.142Z", "user": 1, "content_type": 13, "object_id": "17", "object_repr": "gallery-opening", "action_flag": 1, "change_message": "[{\"added\": {}}]"}}, {"model": "admin.logentry", "pk": 31, "fields": {"action_time": "2017-09-24T22:42:28.466Z", "user": 1, "content_type": 14, "object_id": "11", "object_repr": "( gallery-opening )-[ has_parent ]->( expo-chicago )", "action_flag": 1, "change_message": "[{\"added\": {}}]"}}, {"model": "admin.logentry", "pk": 32, "fields": {"action_time": "2017-09-24T22:54:53.482Z", "user": 1, "content_type": 14, "object_id": "12", "object_repr": "( gallery-opening )-[ has_parent ]->( expo-chicago )", "action_flag": 1, "change_message": "[{\"added\": {}}]"}}, {"model": "admin.logentry", "pk": 33, "fields": {"action_time": "2017-09-24T22:56:39.455Z", "user": 1, "content_type": 14, "object_id": "1", "object_repr": "( allans-collection )-[ has_record_owner ]->( berry-allan )", "action_flag": 2, "change_message": "[{\"changed\": {\"fields\": [\"predicate\"]}}]"}}, {"model": "admin.logentry", "pk": 34, "fields": {"action_time": "2017-09-24T22:57:43.942Z", "user": 1, "content_type": 14, "object_id": "13", "object_repr": "( gallery-opening )-[ has_record_submitter ]->( berry-allan )", "action_flag": 1, "change_message": "[{\"added\": {}}]"}}, {"model": "admin.logentry", "pk": 35, "fields": {"action_time": "2017-09-24T22:58:02.716Z", "user": 1, "content_type": 14, "object_id": "14", "object_repr": "( expo-chicago )-[ has_record_submitter ]->( berry-allan )", "action_flag": 1, "change_message": "[{\"added\": {}}]"}}, {"model": "admin.logentry", "pk": 36, "fields": {"action_time": "2017-09-25T22:46:09.348Z", "user": 1, "content_type": 11, "object_id": "3", "object_repr": "custom license", "action_flag": 1, "change_message": "[{\"added\": {}}]"}}, {"model": "admin.logentry", "pk": 37, "fields": {"action_time": "2017-09-25T22:46:27.124Z", "user": 1, "content_type": 13, "object_id": "18", "object_repr": "work: the-visualist", "action_flag": 1, "change_message": "[{\"added\": {}}]"}}, {"model": "admin.logentry", "pk": 38, "fields": {"action_time": "2017-09-26T05:18:09.974Z", "user": 1, "content_type": 14, "object_id": "8", "object_repr": "( person: funk-berry-rex )-[ has_parent ]->( person: berry-allan )", "action_flag": 2, "change_message": "[{\"changed\": {\"fields\": [\"properties\"]}}]"}}, {"model": "admin.logentry", "pk": 39, "fields": {"action_time": "2017-09-26T05:18:44.647Z", "user": 1, "content_type": 14, "object_id": "8", "object_repr": "( person: funk-berry-rex )-[ has_parent ]->( person: berry-allan )", "action_flag": 2, "change_message": "[{\"changed\": {\"fields\": [\"dates\"]}}]"}}, {"model": "admin.logentry", "pk": 40, "fields": {"action_time": "2017-09-29T12:05:14.170Z", "user": 1, "content_type": 13, "object_id": "17", "object_repr": "event: gallery-opening", "action_flag": 3, "change_message": ""}}, {"model": "admin.logentry", "pk": 41, "fields": {"action_time": "2017-09-29T12:05:14.182Z", "user": 1, "content_type": 13, "object_id": "16", "object_repr": "event: expo-chicago", "action_flag": 3, "change_message": ""}}, {"model": "admin.logentry", "pk": 42, "fields": {"action_time": "2017-09-29T12:05:14.186Z", "user": 1, "content_type": 13, "object_id": "15", "object_repr": "collection: allans-collection", "action_flag": 3, "change_message": ""}}, {"model": "admin.logentry", "pk": 43, "fields": {"action_time": "2017-09-29T12:05:14.189Z", "user": 1, "content_type": 13, "object_id": "14", "object_repr": "page: copyright", "action_flag": 3, "change_message": ""}}, {"model": "admin.logentry", "pk": 44, "fields": {"action_time": "2017-09-29T12:05:14.192Z", "user": 1, "content_type": 13, "object_id": "13", "object_repr": "page: about", "action_flag": 3, "change_message": ""}}, {"model": "admin.logentry", "pk": 45, "fields": {"action_time": "2017-09-29T12:05:14.194Z", "user": 1, "content_type": 13, "object_id": "12", "object_repr": "work: guernica", "action_flag": 3, "change_message": ""}}, {"model": "admin.logentry", "pk": 46, "fields": {"action_time": "2017-09-29T12:05:14.197Z", "user": 1, "content_type": 13, "object_id": "11", "object_repr": "work: les-demoiselles-davignon", "action_flag": 3, "change_message": ""}}, {"model": "admin.logentry", "pk": 47, "fields": {"action_time": "2017-09-29T12:05:14.199Z", "user": 1, "content_type": 13, "object_id": "10", "object_repr": "person: picasso-pablo", "action_flag": 3, "change_message": ""}}, {"model": "admin.logentry", "pk": 48, "fields": {"action_time": "2017-09-29T12:05:14.201Z", "user": 1, "content_type": 13, "object_id": "9", "object_repr": "organization: carl-hammer-gallery", "action_flag": 3, "change_message": ""}}, {"model": "admin.logentry", "pk": 49, "fields": {"action_time": "2017-09-29T12:05:14.204Z", "user": 1, "content_type": 13, "object_id": "8", "object_repr": "organization: chicago-artists-coalition", "action_flag": 3, "change_message": ""}}, {"model": "admin.logentry", "pk": 50, "fields": {"action_time": "2017-09-29T12:05:14.206Z", "user": 1, "content_type": 13, "object_id": "7", "object_repr": "organization: art-institute-chicago", "action_flag": 3, "change_message": ""}}, {"model": "admin.logentry", "pk": 51, "fields": {"action_time": "2017-09-29T12:05:14.207Z", "user": 1, "content_type": 13, "object_id": "6", "object_repr": "person: funk-tiffany", "action_flag": 3, "change_message": ""}}, {"model": "admin.logentry", "pk": 52, "fields": {"action_time": "2017-09-29T12:05:14.209Z", "user": 1, "content_type": 13, "object_id": "5", "object_repr": "person: funk-berry-rex", "action_flag": 3, "change_message": ""}}, {"model": "admin.logentry", "pk": 53, "fields": {"action_time": "2017-09-29T12:05:14.212Z", "user": 1, "content_type": 13, "object_id": "4", "object_repr": "person: funk-berry-griffin", "action_flag": 3, "change_message": ""}}, {"model": "admin.logentry", "pk": 54, "fields": {"action_time": "2017-09-29T12:05:14.214Z", "user": 1, "content_type": 13, "object_id": "3", "object_repr": "person: thomas-michael", "action_flag": 3, "change_message": ""}}, {"model": "admin.logentry", "pk": 55, "fields": {"action_time": "2017-09-29T12:05:14.216Z", "user": 1, "content_type": 13, "object_id": "2", "object_repr": "person: duguid-meg", "action_flag": 3, "change_message": ""}}, {"model": "admin.logentry", "pk": 56, "fields": {"action_time": "2017-09-29T12:05:14.218Z", "user": 1, "content_type": 13, "object_id": "1", "object_repr": "person: berry-allan", "action_flag": 3, "change_message": ""}}, {"model": "admin.logentry", "pk": 57, "fields": {"action_time": "2017-09-30T02:11:14.432Z", "user": 1, "content_type": 19, "object_id": "1", "object_repr": "event", "action_flag": 1, "change_message": "[{\"added\": {}}]"}}, {"model": "admin.logentry", "pk": 58, "fields": {"action_time": "2017-09-30T02:11:20.817Z", "user": 1, "content_type": 19, "object_id": "2", "object_repr": "work", "action_flag": 1, "change_message": "[{\"added\": {}}]"}}, {"model": "admin.logentry", "pk": 59, "fields": {"action_time": "2017-09-30T02:11:34.813Z", "user": 1, "content_type": 19, "object_id": "3", "object_repr": "person", "action_flag": 1, "change_message": "[{\"added\": {}}]"}}, {"model": "admin.logentry", "pk": 60, "fields": {"action_time": "2017-09-30T02:43:30.008Z", "user": 1, "content_type": 13, "object_id": "18", "object_repr": "work: the-visualist", "action_flag": 2, "change_message": "[]"}}, {"model": "admin.logentry", "pk": 61, "fields": {"action_time": "2017-09-30T02:47:49.835Z", "user": 1, "content_type": 13, "object_id": "18", "object_repr": "work: the-visualist", "action_flag": 2, "change_message": "[{\"changed\": {\"fields\": [\"properties\"]}}]"}}, {"model": "admin.logentry", "pk": 62, "fields": {"action_time": "2017-09-30T02:48:50.289Z", "user": 1, "content_type": 13, "object_id": "17", "object_repr": "event: gallery-opening", "action_flag": 2, "change_message": "[{\"changed\": {\"fields\": [\"properties\"]}}]"}}, {"model": "admin.logentry", "pk": 63, "fields": {"action_time": "2017-09-30T02:50:40.055Z", "user": 1, "content_type": 13, "object_id": "16", "object_repr": "event: expo-chicago", "action_flag": 2, "change_message": "[{\"changed\": {\"fields\": [\"properties\"]}}]"}}, {"model": "admin.logentry", "pk": 64, "fields": {"action_time": "2017-09-30T02:51:26.019Z", "user": 1, "content_type": 13, "object_id": "15", "object_repr": "page: allans-collection", "action_flag": 2, "change_message": "[{\"changed\": {\"fields\": [\"label\", \"properties\"]}}]"}}, {"model": "admin.logentry", "pk": 65, "fields": {"action_time": "2017-09-30T02:51:36.229Z", "user": 1, "content_type": 13, "object_id": "14", "object_repr": "page: copyright", "action_flag": 2, "change_message": "[{\"changed\": {\"fields\": [\"properties\"]}}]"}}, {"model": "admin.logentry", "pk": 66, "fields": {"action_time": "2017-09-30T02:51:47.345Z", "user": 1, "content_type": 13, "object_id": "13", "object_repr": "page: about", "action_flag": 2, "change_message": "[{\"changed\": {\"fields\": [\"properties\"]}}]"}}, {"model": "admin.logentry", "pk": 67, "fields": {"action_time": "2017-09-30T02:52:18.215Z", "user": 1, "content_type": 17, "object_id": "1", "object_repr": "painting", "action_flag": 1, "change_message": "[{\"added\": {}}]"}}, {"model": "admin.logentry", "pk": 68, "fields": {"action_time": "2017-09-30T02:52:28.791Z", "user": 1, "content_type": 13, "object_id": "12", "object_repr": "work: guernica", "action_flag": 2, "change_message": "[{\"changed\": {\"fields\": [\"properties\", \"tags\"]}}]"}}, {"model": "admin.logentry", "pk": 69, "fields": {"action_time": "2017-09-30T02:52:39.565Z", "user": 1, "content_type": 13, "object_id": "13", "object_repr": "page: about", "action_flag": 2, "change_message": "[{\"changed\": {\"fields\": [\"properties\"]}}]"}}, {"model": "admin.logentry", "pk": 70, "fields": {"action_time": "2017-09-30T02:52:50.625Z", "user": 1, "content_type": 13, "object_id": "14", "object_repr": "page: copyright", "action_flag": 2, "change_message": "[{\"changed\": {\"fields\": [\"properties\"]}}]"}}, {"model": "admin.logentry", "pk": 71, "fields": {"action_time": "2017-09-30T02:53:00.379Z", "user": 1, "content_type": 13, "object_id": "12", "object_repr": "work: guernica", "action_flag": 2, "change_message": "[]"}}, {"model": "admin.logentry", "pk": 72, "fields": {"action_time": "2017-09-30T02:53:33.935Z", "user": 1, "content_type": 13, "object_id": "11", "object_repr": "work: les-demoiselles-davignon", "action_flag": 2, "change_message": "[{\"changed\": {\"fields\": [\"properties\", \"tags\"]}}]"}}, {"model": "admin.logentry", "pk": 73, "fields": {"action_time": "2017-09-30T02:54:30.152Z", "user": 1, "content_type": 17, "object_id": "2", "object_repr": "drawing", "action_flag": 1, "change_message": "[{\"added\": {}}]"}}, {"model": "admin.logentry", "pk": 74, "fields": {"action_time": "2017-09-30T02:54:36.522Z", "user": 1, "content_type": 17, "object_id": "3", "object_repr": "sculpture", "action_flag": 1, "change_message": "[{\"added\": {}}]"}}, {"model": "admin.logentry", "pk": 75, "fields": {"action_time": "2017-09-30T02:54:43.848Z", "user": 1, "content_type": 17, "object_id": "4", "object_repr": "ceramics", "action_flag": 1, "change_message": "[{\"added\": {}}]"}}, {"model": "admin.logentry", "pk": 76, "fields": {"action_time": "2017-09-30T02:56:26.912Z", "user": 1, "content_type": 13, "object_id": "10", "object_repr": "person: picasso-pablo", "action_flag": 2, "change_message": "[{\"changed\": {\"fields\": [\"properties\", \"tags\"]}}]"}}, {"model": "admin.logentry", "pk": 77, "fields": {"action_time": "2017-09-30T02:56:46.277Z", "user": 1, "content_type": 13, "object_id": "9", "object_repr": "organization: carl-hammer-gallery", "action_flag": 2, "change_message": "[{\"changed\": {\"fields\": [\"properties\"]}}]"}}, {"model": "admin.logentry", "pk": 78, "fields": {"action_time": "2017-09-30T02:57:31.323Z", "user": 1, "content_type": 13, "object_id": "8", "object_repr": "organization: chicago-artists-coalition", "action_flag": 2, "change_message": "[{\"changed\": {\"fields\": [\"properties\"]}}]"}}, {"model": "admin.logentry", "pk": 79, "fields": {"action_time": "2017-09-30T02:58:37.807Z", "user": 1, "content_type": 13, "object_id": "7", "object_repr": "organization: art-institute-chicago", "action_flag": 2, "change_message": "[{\"changed\": {\"fields\": [\"properties\"]}}]"}}, {"model": "admin.logentry", "pk": 80, "fields": {"action_time": "2017-09-30T02:59:53.617Z", "user": 1, "content_type": 13, "object_id": "6", "object_repr": "person: funk-tiffany", "action_flag": 2, "change_message": "[{\"changed\": {\"fields\": [\"properties\"]}}]"}}, {"model": "admin.logentry", "pk": 81, "fields": {"action_time": "2017-09-30T03:00:53.525Z", "user": 1, "content_type": 13, "object_id": "5", "object_repr": "person: funk-berry-rex", "action_flag": 3, "change_message": ""}}, {"model": "admin.logentry", "pk": 82, "fields": {"action_time": "2017-09-30T03:00:53.536Z", "user": 1, "content_type": 13, "object_id": "4", "object_repr": "person: funk-berry-griffin", "action_flag": 3, "change_message": ""}}, {"model": "admin.logentry", "pk": 83, "fields": {"action_time": "2017-09-30T03:01:31.581Z", "user": 1, "content_type": 13, "object_id": "3", "object_repr": "person: thomas-michael", "action_flag": 2, "change_message": "[{\"changed\": {\"fields\": [\"properties\"]}}]"}}, {"model": "admin.logentry", "pk": 84, "fields": {"action_time": "2017-09-30T03:01:50.644Z", "user": 1, "content_type": 13, "object_id": "2", "object_repr": "person: duguid-meg", "action_flag": 2, "change_message": "[{\"changed\": {\"fields\": [\"properties\"]}}]"}}, {"model": "admin.logentry", "pk": 85, "fields": {"action_time": "2017-09-30T03:02:07.100Z", "user": 1, "content_type": 13, "object_id": "1", "object_repr": "person: berry-allan", "action_flag": 2, "change_message": "[{\"changed\": {\"fields\": [\"properties\"]}}]"}}, {"model": "admin.logentry", "pk": 86, "fields": {"action_time": "2017-09-30T03:02:49.216Z", "user": 1, "content_type": 13, "object_id": "18", "object_repr": "work: the-visualist", "action_flag": 2, "change_message": "[{\"changed\": {\"fields\": [\"active\"]}}]"}}, {"model": "admin.logentry", "pk": 87, "fields": {"action_time": "2017-09-30T03:03:46.786Z", "user": 1, "content_type": 13, "object_id": "17", "object_repr": "event: gallery-opening", "action_flag": 2, "change_message": "[{\"changed\": {\"fields\": [\"active\"]}}]"}}, {"model": "admin.logentry", "pk": 88, "fields": {"action_time": "2017-09-30T03:03:52.255Z", "user": 1, "content_type": 13, "object_id": "16", "object_repr": "event: expo-chicago", "action_flag": 2, "change_message": "[{\"changed\": {\"fields\": [\"active\"]}}]"}}, {"model": "admin.logentry", "pk": 89, "fields": {"action_time": "2017-09-30T03:16:46.872Z", "user": 1, "content_type": 13, "object_id": "18", "object_repr": "work: The Visualist", "action_flag": 2, "change_message": "[{\"changed\": {\"fields\": [\"properties\"]}}]"}}, {"model": "admin.logentry", "pk": 90, "fields": {"action_time": "2017-09-30T03:18:16.879Z", "user": 1, "content_type": 13, "object_id": "17", "object_repr": "event: Gallery Opening", "action_flag": 2, "change_message": "[{\"changed\": {\"fields\": [\"properties\"]}}]"}}, {"model": "admin.logentry", "pk": 91, "fields": {"action_time": "2017-09-30T03:19:31.841Z", "user": 1, "content_type": 13, "object_id": "16", "object_repr": "event: Expo Chicago", "action_flag": 2, "change_message": "[{\"changed\": {\"fields\": [\"properties\"]}}]"}}, {"model": "admin.logentry", "pk": 92, "fields": {"action_time": "2017-09-30T03:19:46.459Z", "user": 1, "content_type": 13, "object_id": "17", "object_repr": "event: Gallery Opening", "action_flag": 2, "change_message": "[{\"changed\": {\"fields\": [\"properties\"]}}]"}}, {"model": "admin.logentry", "pk": 93, "fields": {"action_time": "2017-09-30T03:20:11.159Z", "user": 1, "content_type": 13, "object_id": "15", "object_repr": "page: Allan's Collection", "action_flag": 2, "change_message": "[{\"changed\": {\"fields\": [\"properties\"]}}]"}}, {"model": "admin.logentry", "pk": 94, "fields": {"action_time": "2017-09-30T03:20:19.293Z", "user": 1, "content_type": 13, "object_id": "14", "object_repr": "page: Copyright Information", "action_flag": 2, "change_message": "[{\"changed\": {\"fields\": [\"properties\"]}}]"}}, {"model": "admin.logentry", "pk": 95, "fields": {"action_time": "2017-09-30T03:20:26.133Z", "user": 1, "content_type": 13, "object_id": "13", "object_repr": "page: About The Visualist", "action_flag": 2, "change_message": "[{\"changed\": {\"fields\": [\"properties\"]}}]"}}, {"model": "admin.logentry", "pk": 96, "fields": {"action_time": "2017-09-30T03:21:31.647Z", "user": 1, "content_type": 13, "object_id": "12", "object_repr": "work: Guernica", "action_flag": 2, "change_message": "[{\"changed\": {\"fields\": [\"properties\"]}}]"}}, {"model": "admin.logentry", "pk": 97, "fields": {"action_time": "2017-09-30T03:21:44.452Z", "user": 1, "content_type": 13, "object_id": "11", "object_repr": "work: Les Demoiselles d'Avignon", "action_flag": 2, "change_message": "[{\"changed\": {\"fields\": [\"properties\"]}}]"}}, {"model": "admin.logentry", "pk": 98, "fields": {"action_time": "2017-09-30T03:31:08.040Z", "user": 1, "content_type": 13, "object_id": "1", "object_repr": "person: Allan Berry", "action_flag": 2, "change_message": "[{\"changed\": {\"fields\": [\"properties\"]}}]"}}, {"model": "admin.logentry", "pk": 99, "fields": {"action_time": "2017-09-30T03:31:13.786Z", "user": 1, "content_type": 13, "object_id": "2", "object_repr": "person: Meg Duguid", "action_flag": 2, "change_message": "[{\"changed\": {\"fields\": [\"properties\"]}}]"}}, {"model": "admin.logentry", "pk": 100, "fields": {"action_time": "2017-09-30T03:31:22.763Z", "user": 1, "content_type": 13, "object_id": "3", "object_repr": "person: Michael Thomas", "action_flag": 2, "change_message": "[{\"changed\": {\"fields\": [\"properties\"]}}]"}}, {"model": "admin.logentry", "pk": 101, "fields": {"action_time": "2017-09-30T03:31:39.259Z", "user": 1, "content_type": 13, "object_id": "6", "object_repr": "person: Tiffany Funk", "action_flag": 2, "change_message": "[{\"changed\": {\"fields\": [\"properties\"]}}]"}}, {"model": "admin.logentry", "pk": 102, "fields": {"action_time": "2017-09-30T03:31:47.278Z", "user": 1, "content_type": 13, "object_id": "7", "object_repr": "organization: Art Institute of Chicago", "action_flag": 2, "change_message": "[{\"changed\": {\"fields\": [\"properties\"]}}]"}}, {"model": "admin.logentry", "pk": 103, "fields": {"action_time": "2017-09-30T03:31:59.839Z", "user": 1, "content_type": 13, "object_id": "8", "object_repr": "organization: Chicago Artists Coalition", "action_flag": 2, "change_message": "[{\"changed\": {\"fields\": [\"properties\"]}}]"}}, {"model": "admin.logentry", "pk": 104, "fields": {"action_time": "2017-09-30T03:32:05.939Z", "user": 1, "content_type": 13, "object_id": "9", "object_repr": "organization: Carl Hammer Gallery", "action_flag": 2, "change_message": "[{\"changed\": {\"fields\": [\"properties\"]}}]"}}, {"model": "admin.logentry", "pk": 105, "fields": {"action_time": "2017-09-30T03:32:12.183Z", "user": 1, "content_type": 13, "object_id": "10", "object_repr": "person: Pablo Picasso", "action_flag": 2, "change_message": "[{\"changed\": {\"fields\": [\"properties\"]}}]"}}, {"model": "admin.logentry", "pk": 106, "fields": {"action_time": "2017-09-30T03:35:04.364Z", "user": 1, "content_type": 13, "object_id": "1", "object_repr": "person: Allan Berry", "action_flag": 2, "change_message": "[{\"changed\": {\"fields\": [\"properties\"]}}]"}}, {"model": "admin.logentry", "pk": 107, "fields": {"action_time": "2017-09-30T03:35:08.530Z", "user": 1, "content_type": 13, "object_id": "2", "object_repr": "person: Meg Duguid", "action_flag": 2, "change_message": "[{\"changed\": {\"fields\": [\"properties\"]}}]"}}, {"model": "admin.logentry", "pk": 108, "fields": {"action_time": "2017-09-30T03:35:12.388Z", "user": 1, "content_type": 13, "object_id": "3", "object_repr": "person: Michael Thomas", "action_flag": 2, "change_message": "[{\"changed\": {\"fields\": [\"properties\"]}}]"}}, {"model": "admin.logentry", "pk": 109, "fields": {"action_time": "2017-09-30T03:35:15.206Z", "user": 1, "content_type": 13, "object_id": "6", "object_repr": "person: Tiffany Funk", "action_flag": 2, "change_message": "[{\"changed\": {\"fields\": [\"properties\"]}}]"}}, {"model": "admin.logentry", "pk": 110, "fields": {"action_time": "2017-09-30T03:35:17.968Z", "user": 1, "content_type": 13, "object_id": "7", "object_repr": "organization: Art Institute of Chicago", "action_flag": 2, "change_message": "[{\"changed\": {\"fields\": [\"properties\"]}}]"}}, {"model": "admin.logentry", "pk": 111, "fields": {"action_time": "2017-09-30T03:35:22.191Z", "user": 1, "content_type": 13, "object_id": "8", "object_repr": "organization: Chicago Artists Coalition", "action_flag": 2, "change_message": "[{\"changed\": {\"fields\": [\"properties\"]}}]"}}, {"model": "admin.logentry", "pk": 112, "fields": {"action_time": "2017-09-30T03:35:27.413Z", "user": 1, "content_type": 13, "object_id": "9", "object_repr": "organization: Carl Hammer Gallery", "action_flag": 2, "change_message": "[{\"changed\": {\"fields\": [\"properties\"]}}]"}}, {"model": "admin.logentry", "pk": 113, "fields": {"action_time": "2017-09-30T03:35:31.843Z", "user": 1, "content_type": 13, "object_id": "10", "object_repr": "person: Pablo Picasso", "action_flag": 2, "change_message": "[{\"changed\": {\"fields\": [\"properties\"]}}]"}}, {"model": "admin.logentry", "pk": 114, "fields": {"action_time": "2017-09-30T03:35:34.175Z", "user": 1, "content_type": 13, "object_id": "11", "object_repr": "work: Les Demoiselles d'Avignon", "action_flag": 2, "change_message": "[{\"changed\": {\"fields\": [\"properties\"]}}]"}}, {"model": "admin.logentry", "pk": 115, "fields": {"action_time": "2017-09-30T03:35:36.715Z", "user": 1, "content_type": 13, "object_id": "12", "object_repr": "work: Guernica", "action_flag": 2, "change_message": "[{\"changed\": {\"fields\": [\"properties\"]}}]"}}, {"model": "admin.logentry", "pk": 116, "fields": {"action_time": "2017-09-30T03:35:42.425Z", "user": 1, "content_type": 13, "object_id": "13", "object_repr": "page: About The Visualist", "action_flag": 2, "change_message": "[{\"changed\": {\"fields\": [\"properties\"]}}]"}}, {"model": "admin.logentry", "pk": 117, "fields": {"action_time": "2017-09-30T03:35:47.073Z", "user": 1, "content_type": 13, "object_id": "14", "object_repr": "page: Copyright Information", "action_flag": 2, "change_message": "[{\"changed\": {\"fields\": [\"properties\"]}}]"}}, {"model": "admin.logentry", "pk": 118, "fields": {"action_time": "2017-09-30T03:35:51.532Z", "user": 1, "content_type": 13, "object_id": "15", "object_repr": "page: Allan's Collection", "action_flag": 2, "change_message": "[{\"changed\": {\"fields\": [\"properties\"]}}]"}}, {"model": "admin.logentry", "pk": 119, "fields": {"action_time": "2017-09-30T03:35:54.180Z", "user": 1, "content_type": 13, "object_id": "16", "object_repr": "event: Expo Chicago", "action_flag": 2, "change_message": "[{\"changed\": {\"fields\": [\"properties\"]}}]"}}, {"model": "admin.logentry", "pk": 120, "fields": {"action_time": "2017-09-30T03:35:57.973Z", "user": 1, "content_type": 13, "object_id": "17", "object_repr": "event: Gallery Opening", "action_flag": 2, "change_message": "[{\"changed\": {\"fields\": [\"properties\"]}}]"}}, {"model": "admin.logentry", "pk": 121, "fields": {"action_time": "2017-09-30T03:36:00.703Z", "user": 1, "content_type": 13, "object_id": "18", "object_repr": "work: The Visualist", "action_flag": 2, "change_message": "[{\"changed\": {\"fields\": [\"properties\"]}}]"}}, {"model": "admin.logentry", "pk": 122, "fields": {"action_time": "2017-09-30T11:42:49.068Z", "user": 1, "content_type": 18, "object_id": "1", "object_repr": "painting", "action_flag": 1, "change_message": "[{\"added\": {}}]"}}, {"model": "admin.logentry", "pk": 123, "fields": {"action_time": "2017-09-30T11:43:05.102Z", "user": 1, "content_type": 18, "object_id": "2", "object_repr": "drawing", "action_flag": 1, "change_message": "[{\"added\": {}}]"}}, {"model": "admin.logentry", "pk": 124, "fields": {"action_time": "2017-09-30T11:43:20.066Z", "user": 1, "content_type": 18, "object_id": "3", "object_repr": "programming", "action_flag": 1, "change_message": "[{\"added\": {}}]"}}, {"model": "admin.logentry", "pk": 125, "fields": {"action_time": "2017-09-30T13:58:10.324Z", "user": 1, "content_type": 18, "object_id": "4", "object_repr": "photography", "action_flag": 1, "change_message": "[{\"added\": {}}]"}}, {"model": "admin.logentry", "pk": 126, "fields": {"action_time": "2017-09-30T14:11:38.380Z", "user": 1, "content_type": 13, "object_id": "19", "object_repr": "organization: Museum of Contemporary Photography", "action_flag": 1, "change_message": "[{\"added\": {}}]"}}, {"model": "admin.logentry", "pk": 127, "fields": {"action_time": "2017-09-30T14:14:40.327Z", "user": 1, "content_type": 13, "object_id": "20", "object_repr": "organization: Columbia College Chicago", "action_flag": 1, "change_message": "[{\"added\": {}}]"}}, {"model": "admin.logentry", "pk": 128, "fields": {"action_time": "2017-09-30T14:15:16.524Z", "user": 1, "content_type": 14, "object_id": "15", "object_repr": "( organization: Museum of Contemporary Photography )-[ has_parent ]->( organization: Columbia College Chicago )", "action_flag": 1, "change_message": "[{\"added\": {}}]"}}, {"model": "admin.logentry", "pk": 129, "fields": {"action_time": "2017-09-30T14:16:32.260Z", "user": 1, "content_type": 14, "object_id": "14", "object_repr": "( event: Expo Chicago )-[ has_record_submitter ]->( person: Berry, Allan )", "action_flag": 3, "change_message": ""}}, {"model": "admin.logentry", "pk": 130, "fields": {"action_time": "2017-09-30T14:16:32.273Z", "user": 1, "content_type": 14, "object_id": "13", "object_repr": "( event: Gallery Opening )-[ has_record_submitter ]->( person: Berry, Allan )", "action_flag": 3, "change_message": ""}}, {"model": "admin.logentry", "pk": 131, "fields": {"action_time": "2017-09-30T14:20:11.430Z", "user": 1, "content_type": 14, "object_id": "16", "object_repr": "( organization: Columbia College Chicago )-[ has_employee ]->( person: Funk, Tiffany )", "action_flag": 1, "change_message": "[{\"added\": {}}]"}}, {"model": "admin.logentry", "pk": 132, "fields": {"action_time": "2017-09-30T14:22:45.930Z", "user": 1, "content_type": 14, "object_id": "11", "object_repr": "( event: Gallery Opening )-[ has_parent ]->( event: Expo Chicago )", "action_flag": 3, "change_message": ""}}, {"model": "admin.logentry", "pk": 133, "fields": {"action_time": "2017-09-30T14:25:50.384Z", "user": 1, "content_type": 18, "object_id": "5", "object_repr": "prints", "action_flag": 1, "change_message": "[{\"added\": {}}]"}}, {"model": "admin.logentry", "pk": 134, "fields": {"action_time": "2017-09-30T14:25:56.641Z", "user": 1, "content_type": 18, "object_id": "6", "object_repr": "posters", "action_flag": 1, "change_message": "[{\"added\": {}}]"}}, {"model": "admin.logentry", "pk": 135, "fields": {"action_time": "2017-09-30T14:29:17.920Z", "user": 1, "content_type": 13, "object_id": "21", "object_repr": "organization: Galerie F", "action_flag": 1, "change_message": "[{\"added\": {}}]"}}, {"model": "admin.logentry", "pk": 136, "fields": {"action_time": "2017-09-30T14:30:45.946Z", "user": 1, "content_type": 13, "object_id": "21", "object_repr": "organization: Galerie F", "action_flag": 2, "change_message": "[{\"changed\": {\"fields\": [\"body\"]}}]"}}, {"model": "admin.logentry", "pk": 137, "fields": {"action_time": "2017-10-01T02:58:05.841Z", "user": 1, "content_type": 13, "object_id": "19", "object_repr": "organization: Museum of Contemporary Photography", "action_flag": 2, "change_message": "[]"}}, {"model": "admin.logentry", "pk": 138, "fields": {"action_time": "2017-10-01T03:11:03.823Z", "user": 1, "content_type": 18, "object_id": "7", "object_repr": "arts-general", "action_flag": 1, "change_message": "[{\"added\": {}}]"}}, {"model": "admin.logentry", "pk": 139, "fields": {"action_time": "2017-10-01T03:11:45.894Z", "user": 1, "content_type": 13, "object_id": "22", "object_repr": "work (book): The Chicago Arts Guide", "action_flag": 1, "change_message": "[{\"added\": {}}]"}}, {"model": "admin.logentry", "pk": 140, "fields": {"action_time": "2017-10-01T03:27:59.957Z", "user": 1, "content_type": 13, "object_id": "23", "object_repr": "organization (publisher/company): Chicago Review Press", "action_flag": 1, "change_message": "[{\"added\": {}}]"}}, {"model": "admin.logentry", "pk": 141, "fields": {"action_time": "2017-10-01T03:33:53.246Z", "user": 1, "content_type": 14, "object_id": "17", "object_repr": "( work (book): The Chicago Arts Guide )-[ has_publisher ]->( organization (publisher/company): Chicago Review Press )", "action_flag": 1, "change_message": "[{\"added\": {}}]"}}, {"model": "admin.logentry", "pk": 142, "fields": {"action_time": "2017-10-01T03:41:42.952Z", "user": 1, "content_type": 13, "object_id": "24", "object_repr": "person (writer): Sawyers, June Skinner", "action_flag": 1, "change_message": "[{\"added\": {}}]"}}, {"model": "admin.logentry", "pk": 143, "fields": {"action_time": "2017-10-01T03:42:34.456Z", "user": 1, "content_type": 14, "object_id": "18", "object_repr": "( work (book): The Chicago Arts Guide )-[ has_creator ]->( person (writer): Sawyers, June Skinner )", "action_flag": 1, "change_message": "[{\"added\": {}}]"}}, {"model": "admin.logentry", "pk": 144, "fields": {"action_time": "2017-10-01T03:43:52.519Z", "user": 1, "content_type": 13, "object_id": "25", "object_repr": "person (writer): Telingator, Sue", "action_flag": 1, "change_message": "[{\"added\": {}}]"}}, {"model": "admin.logentry", "pk": 145, "fields": {"action_time": "2017-10-01T03:43:55.723Z", "user": 1, "content_type": 14, "object_id": "19", "object_repr": "( work (book): The Chicago Arts Guide )-[ has_creator ]->( person (writer): Telingator, Sue )", "action_flag": 1, "change_message": "[{\"added\": {}}]"}}, {"model": "admin.logentry", "pk": 146, "fields": {"action_time": "2017-10-01T03:51:20.449Z", "user": 1, "content_type": 13, "object_id": "22", "object_repr": "work (book): The Chicago Arts Guide", "action_flag": 2, "change_message": "[{\"changed\": {\"fields\": [\"properties\"]}}]"}}, {"model": "admin.logentry", "pk": 147, "fields": {"action_time": "2017-10-01T03:55:30.585Z", "user": 1, "content_type": 13, "object_id": "1", "object_repr": "person (artist/programmer): Berry, Allan", "action_flag": 2, "change_message": "[{\"changed\": {\"fields\": [\"properties\"]}}]"}}, {"model": "admin.logentry", "pk": 148, "fields": {"action_time": "2017-10-01T03:58:28.887Z", "user": 1, "content_type": 14, "object_id": "20", "object_repr": "( organization (museum): Museum of Contemporary Photography )-[ has_record_source ]->( work (book): The Chicago Arts Guide )", "action_flag": 1, "change_message": "[{\"added\": {}}]"}}, {"model": "admin.logentry", "pk": 149, "fields": {"action_time": "2017-10-01T04:04:02.776Z", "user": 1, "content_type": 13, "object_id": "19", "object_repr": "organization (museum): Museum of Contemporary Photography", "action_flag": 2, "change_message": "[]"}}, {"model": "admin.logentry", "pk": 150, "fields": {"action_time": "2017-10-01T04:20:48.036Z", "user": 1, "content_type": 13, "object_id": "19", "object_repr": "organization (museum): Museum of Contemporary Photography", "action_flag": 2, "change_message": "[{\"changed\": {\"fields\": [\"properties\"]}}]"}}, {"model": "admin.logentry", "pk": 151, "fields": {"action_time": "2017-10-01T18:08:49.956Z", "user": 1, "content_type": 13, "object_id": "25", "object_repr": "person (writer): Telingator, Sue", "action_flag": 2, "change_message": "[{\"changed\": {\"fields\": [\"name\", \"properties\"]}}]"}}, {"model": "admin.logentry", "pk": 152, "fields": {"action_time": "2017-10-01T18:09:19.918Z", "user": 1, "content_type": 13, "object_id": "24", "object_repr": "person (writer): Sawyers, June Skinner", "action_flag": 2, "change_message": "[{\"changed\": {\"fields\": [\"name\", \"properties\"]}}]"}}, {"model": "admin.logentry", "pk": 153, "fields": {"action_time": "2017-10-01T18:09:38.118Z", "user": 1, "content_type": 13, "object_id": "23", "object_repr": "organization (publisher/company): Chicago Review Press", "action_flag": 2, "change_message": "[{\"changed\": {\"fields\": [\"name\", \"properties\"]}}]"}}, {"model": "admin.logentry", "pk": 154, "fields": {"action_time": "2017-10-01T18:10:12.423Z", "user": 1, "content_type": 13, "object_id": "22", "object_repr": "work (book): Chicago Arts Guide, The", "action_flag": 2, "change_message": "[{\"changed\": {\"fields\": [\"name\", \"properties\"]}}]"}}, {"model": "admin.logentry", "pk": 155, "fields": {"action_time": "2017-10-01T18:10:35.300Z", "user": 1, "content_type": 13, "object_id": "21", "object_repr": "organization (gallery): Galerie F", "action_flag": 2, "change_message": "[{\"changed\": {\"fields\": [\"name\", \"properties\"]}}]"}}, {"model": "admin.logentry", "pk": 156, "fields": {"action_time": "2017-10-01T18:11:02.986Z", "user": 1, "content_type": 13, "object_id": "20", "object_repr": "organization (school): Columbia College Chicago", "action_flag": 2, "change_message": "[{\"changed\": {\"fields\": [\"name\", \"slug\", \"properties\"]}}]"}}, {"model": "admin.logentry", "pk": 157, "fields": {"action_time": "2017-10-01T18:11:33.804Z", "user": 1, "content_type": 13, "object_id": "19", "object_repr": "organization (museum): Museum of Contemporary Photography", "action_flag": 2, "change_message": "[{\"changed\": {\"fields\": [\"name\", \"properties\"]}}]"}}, {"model": "admin.logentry", "pk": 158, "fields": {"action_time": "2017-10-01T18:11:45.363Z", "user": 1, "content_type": 13, "object_id": "18", "object_repr": "work (website): The Visualist", "action_flag": 2, "change_message": "[{\"changed\": {\"fields\": [\"name\", \"properties\"]}}]"}}, {"model": "admin.logentry", "pk": 159, "fields": {"action_time": "2017-10-01T18:12:02.689Z", "user": 1, "content_type": 13, "object_id": "17", "object_repr": "event (reception): Test Gallery Opening", "action_flag": 2, "change_message": "[{\"changed\": {\"fields\": [\"name\", \"slug\", \"properties\"]}}]"}}, {"model": "admin.logentry", "pk": 160, "fields": {"action_time": "2017-10-01T18:12:16.125Z", "user": 1, "content_type": 13, "object_id": "16", "object_repr": "event (convention/fair): Expo Chicago", "action_flag": 2, "change_message": "[{\"changed\": {\"fields\": [\"name\", \"properties\"]}}]"}}, {"model": "admin.logentry", "pk": 161, "fields": {"action_time": "2017-10-01T18:12:26.775Z", "user": 1, "content_type": 13, "object_id": "15", "object_repr": "page (collection): Allan's Collection", "action_flag": 2, "change_message": "[{\"changed\": {\"fields\": [\"name\", \"properties\"]}}]"}}, {"model": "admin.logentry", "pk": 162, "fields": {"action_time": "2017-10-01T18:12:37.895Z", "user": 1, "content_type": 13, "object_id": "14", "object_repr": "page (post): Copyright Information", "action_flag": 2, "change_message": "[{\"changed\": {\"fields\": [\"name\", \"properties\"]}}]"}}, {"model": "admin.logentry", "pk": 163, "fields": {"action_time": "2017-10-01T18:12:53.301Z", "user": 1, "content_type": 13, "object_id": "13", "object_repr": "page (post): About The Visualist", "action_flag": 2, "change_message": "[{\"changed\": {\"fields\": [\"name\", \"properties\"]}}]"}}, {"model": "admin.logentry", "pk": 164, "fields": {"action_time": "2017-10-01T18:13:05.190Z", "user": 1, "content_type": 13, "object_id": "12", "object_repr": "work (artwork): Guernica", "action_flag": 2, "change_message": "[{\"changed\": {\"fields\": [\"name\", \"properties\"]}}]"}}, {"model": "admin.logentry", "pk": 165, "fields": {"action_time": "2017-10-01T18:13:22.351Z", "user": 1, "content_type": 13, "object_id": "11", "object_repr": "work (artwork): Les Demoiselles d'Avignon", "action_flag": 2, "change_message": "[{\"changed\": {\"fields\": [\"name\", \"properties\"]}}]"}}, {"model": "admin.logentry", "pk": 166, "fields": {"action_time": "2017-10-01T18:13:36.792Z", "user": 1, "content_type": 13, "object_id": "10", "object_repr": "person (artist): Picasso, Pablo", "action_flag": 2, "change_message": "[{\"changed\": {\"fields\": [\"name\", \"properties\"]}}]"}}, {"model": "admin.logentry", "pk": 167, "fields": {"action_time": "2017-10-01T18:13:49.504Z", "user": 1, "content_type": 13, "object_id": "9", "object_repr": "organization (gallery): Carl Hammer Gallery", "action_flag": 2, "change_message": "[{\"changed\": {\"fields\": [\"name\", \"properties\"]}}]"}}, {"model": "admin.logentry", "pk": 168, "fields": {"action_time": "2017-10-01T18:14:07.721Z", "user": 1, "content_type": 13, "object_id": "8", "object_repr": "organization (gallery/foundation): Chicago Artists Coalition", "action_flag": 2, "change_message": "[{\"changed\": {\"fields\": [\"name\", \"properties\"]}}]"}}, {"model": "admin.logentry", "pk": 169, "fields": {"action_time": "2017-10-01T18:14:18.895Z", "user": 1, "content_type": 13, "object_id": "7", "object_repr": "organization (museum/school): Art Institute of Chicago", "action_flag": 2, "change_message": "[{\"changed\": {\"fields\": [\"name\", \"properties\"]}}]"}}, {"model": "admin.logentry", "pk": 170, "fields": {"action_time": "2017-10-01T18:14:51.687Z", "user": 1, "content_type": 13, "object_id": "6", "object_repr": "person (artist/writer/professor): Funk, Tiffany", "action_flag": 2, "change_message": "[{\"changed\": {\"fields\": [\"name\", \"properties\"]}}]"}}, {"model": "admin.logentry", "pk": 171, "fields": {"action_time": "2017-10-01T18:14:59.173Z", "user": 1, "content_type": 13, "object_id": "3", "object_repr": "person (artist): unnamed", "action_flag": 2, "change_message": "[{\"changed\": {\"fields\": [\"properties\"]}}]"}}, {"model": "admin.logentry", "pk": 172, "fields": {"action_time": "2017-10-01T18:15:11.516Z", "user": 1, "content_type": 13, "object_id": "2", "object_repr": "person (artist): Duguid, Meg", "action_flag": 2, "change_message": "[{\"changed\": {\"fields\": [\"name\", \"properties\"]}}]"}}, {"model": "admin.logentry", "pk": 173, "fields": {"action_time": "2017-10-01T18:15:25.086Z", "user": 1, "content_type": 13, "object_id": "1", "object_repr": "person (artist/programmer): Berry, Allan", "action_flag": 2, "change_message": "[{\"changed\": {\"fields\": [\"name\", \"properties\"]}}]"}}, {"model": "admin.logentry", "pk": 174, "fields": {"action_time": "2017-10-01T18:15:44.426Z", "user": 1, "content_type": 13, "object_id": "3", "object_repr": "person (artist): Thomas, Michael", "action_flag": 2, "change_message": "[{\"changed\": {\"fields\": [\"name\"]}}]"}}, {"model": "admin.logentry", "pk": 175, "fields": {"action_time": "2017-10-01T19:01:57.728Z", "user": 1, "content_type": 18, "object_id": "8", "object_repr": "outsider-art", "action_flag": 1, "change_message": "[{\"added\": {}}]"}}, {"model": "admin.logentry", "pk": 176, "fields": {"action_time": "2017-10-01T19:20:27.864Z", "user": 1, "content_type": 14, "object_id": "20", "object_repr": "( organization (museum): Museum of Contemporary Photography )-[ has_record_source ]->( work (book): Chicago Arts Guide, The )", "action_flag": 2, "change_message": "[]"}}, {"model": "admin.logentry", "pk": 177, "fields": {"action_time": "2017-10-02T01:45:34.943Z", "user": 1, "content_type": 14, "object_id": "20", "object_repr": "( organization (museum): Museum of Contemporary Photography )-[ has_record_source ]->( work (book): Chicago Arts Guide, The )", "action_flag": 2, "change_message": "[{\"changed\": {\"fields\": [\"properties\"]}}]"}}, {"model": "admin.logentry", "pk": 178, "fields": {"action_time": "2017-10-02T01:46:04.416Z", "user": 1, "content_type": 14, "object_id": "19", "object_repr": "( work (book): Chicago Arts Guide, The )-[ has_creator ]->( person (writer): Telingator, Sue )", "action_flag": 2, "change_message": "[]"}}, {"model": "admin.logentry", "pk": 179, "fields": {"action_time": "2017-10-02T01:46:26.095Z", "user": 1, "content_type": 14, "object_id": "17", "object_repr": "( work (book): Chicago Arts Guide, The )-[ has_publisher ]->( organization (publisher/company): Chicago Review Press )", "action_flag": 2, "change_message": "[]"}}, {"model": "admin.logentry", "pk": 180, "fields": {"action_time": "2017-10-02T01:49:25.324Z", "user": 1, "content_type": 14, "object_id": "16", "object_repr": "( organization (school): Columbia College Chicago )-[ has_employee ]->( person (artist/writer/professor): Funk, Tiffany )", "action_flag": 2, "change_message": "[{\"changed\": {\"fields\": [\"properties\"]}}]"}}, {"model": "admin.logentry", "pk": 181, "fields": {"action_time": "2017-10-02T01:49:33.949Z", "user": 1, "content_type": 14, "object_id": "12", "object_repr": "( event (reception): Test Gallery Opening )-[ has_parent ]->( event (convention/fair): Expo Chicago )", "action_flag": 2, "change_message": "[{\"changed\": {\"fields\": [\"properties\"]}}]"}}, {"model": "admin.logentry", "pk": 182, "fields": {"action_time": "2017-10-02T01:49:41.692Z", "user": 1, "content_type": 14, "object_id": "10", "object_repr": "( person (artist): Thomas, Michael )-[ has_spouse ]->( person (artist): Duguid, Meg )", "action_flag": 2, "change_message": "[{\"changed\": {\"fields\": [\"properties\"]}}]"}}, {"model": "admin.logentry", "pk": 183, "fields": {"action_time": "2017-10-02T01:49:46.581Z", "user": 1, "content_type": 14, "object_id": "7", "object_repr": "( person (artist/programmer): Berry, Allan )-[ has_spouse ]->( person (artist/writer/professor): Funk, Tiffany )", "action_flag": 2, "change_message": "[{\"changed\": {\"fields\": [\"properties\"]}}]"}}, {"model": "admin.logentry", "pk": 184, "fields": {"action_time": "2017-10-02T01:49:51.499Z", "user": 1, "content_type": 14, "object_id": "6", "object_repr": "( person (artist/programmer): Berry, Allan )-[ has_friend ]->( person (artist): Thomas, Michael )", "action_flag": 2, "change_message": "[{\"changed\": {\"fields\": [\"properties\"]}}]"}}, {"model": "admin.logentry", "pk": 185, "fields": {"action_time": "2017-10-02T01:49:56.304Z", "user": 1, "content_type": 14, "object_id": "4", "object_repr": "( person (artist/programmer): Berry, Allan )-[ has_friend ]->( person (artist): Duguid, Meg )", "action_flag": 2, "change_message": "[{\"changed\": {\"fields\": [\"properties\"]}}]"}}, {"model": "admin.logentry", "pk": 186, "fields": {"action_time": "2017-10-02T01:59:31.071Z", "user": 1, "content_type": 14, "object_id": "3", "object_repr": "( work (artwork): Les Demoiselles d'Avignon )-[ has_creator ]->( person (artist): Picasso, Pablo )", "action_flag": 2, "change_message": "[{\"changed\": {\"fields\": [\"properties\"]}}]"}}, {"model": "admin.logentry", "pk": 187, "fields": {"action_time": "2017-10-02T01:59:36.839Z", "user": 1, "content_type": 14, "object_id": "2", "object_repr": "( work (artwork): Guernica )-[ has_creator ]->( person (artist): Picasso, Pablo )", "action_flag": 2, "change_message": "[{\"changed\": {\"fields\": [\"properties\"]}}]"}}, {"model": "admin.logentry", "pk": 188, "fields": {"action_time": "2017-10-02T02:00:08.991Z", "user": 1, "content_type": 14, "object_id": "1", "object_repr": "( page (collection): Allan's Collection )-[ has_creator ]->( person (artist/programmer): Berry, Allan )", "action_flag": 2, "change_message": "[{\"changed\": {\"fields\": [\"predicate\", \"properties\"]}}]"}}, {"model": "admin.logentry", "pk": 189, "fields": {"action_time": "2017-10-02T02:00:15.052Z", "user": 1, "content_type": 14, "object_id": "17", "object_repr": "( work (book): Chicago Arts Guide, The )-[ has_publisher ]->( organization (publisher/company): Chicago Review Press )", "action_flag": 2, "change_message": "[]"}}, {"model": "admin.logentry", "pk": 190, "fields": {"action_time": "2017-10-02T02:00:47.128Z", "user": 1, "content_type": 14, "object_id": "17", "object_repr": "( work (book): Chicago Arts Guide, The )-[ has_publisher ]->( organization (publisher/company): Chicago Review Press )", "action_flag": 2, "change_message": "[]"}}, {"model": "admin.logentry", "pk": 191, "fields": {"action_time": "2017-10-02T02:05:33.864Z", "user": 1, "content_type": 18, "object_id": "9", "object_repr": "sculpture", "action_flag": 1, "change_message": "[{\"added\": {}}]"}}, {"model": "admin.logentry", "pk": 192, "fields": {"action_time": "2017-10-02T02:09:25.762Z", "user": 1, "content_type": 13, "object_id": "28", "object_repr": "work (sculpture/installation): Chicago Picasso", "action_flag": 1, "change_message": "[{\"added\": {}}]"}}, {"model": "admin.logentry", "pk": 193, "fields": {"action_time": "2017-10-02T02:11:52.314Z", "user": 1, "content_type": 14, "object_id": "21", "object_repr": "( work (sculpture/installation): Chicago Picasso )-[ has_creator ]->( person (artist): Picasso, Pablo )", "action_flag": 1, "change_message": "[{\"added\": {}}]"}}, {"model": "admin.logentry", "pk": 194, "fields": {"action_time": "2017-10-02T02:12:00.208Z", "user": 1, "content_type": 14, "object_id": "21", "object_repr": "( work (sculpture/installation): Chicago Picasso )-[ has_creator ]->( person (artist): Picasso, Pablo )", "action_flag": 2, "change_message": "[]"}}, {"model": "admin.logentry", "pk": 195, "fields": {"action_time": "2017-10-02T02:37:34.166Z", "user": 1, "content_type": 13, "object_id": "29", "object_repr": "place (area): Daley Plaza", "action_flag": 1, "change_message": "[{\"added\": {}}]"}}, {"model": "admin.logentry", "pk": 196, "fields": {"action_time": "2017-10-02T02:44:12.439Z", "user": 1, "content_type": 13, "object_id": "29", "object_repr": "place (point): Daley Plaza", "action_flag": 2, "change_message": "[{\"changed\": {\"fields\": [\"properties\"]}}]"}}, {"model": "admin.logentry", "pk": 197, "fields": {"action_time": "2017-10-02T02:44:19.168Z", "user": 1, "content_type": 13, "object_id": "29", "object_repr": "place (point): Daley Plaza", "action_flag": 2, "change_message": "[]"}}, {"model": "admin.logentry", "pk": 198, "fields": {"action_time": "2017-10-02T02:44:47.317Z", "user": 1, "content_type": 14, "object_id": "22", "object_repr": "( work (sculpture/installation): Chicago Picasso )-[ located_at ]->( place (point): Daley Plaza )", "action_flag": 1, "change_message": "[{\"added\": {}}]"}}, {"model": "admin.logentry", "pk": 199, "fields": {"action_time": "2017-10-02T03:05:33.565Z", "user": 1, "content_type": 13, "object_id": "30", "object_repr": "place (point): Alexandroff Campus Center", "action_flag": 1, "change_message": "[{\"added\": {}}]"}}, {"model": "admin.logentry", "pk": 200, "fields": {"action_time": "2017-10-02T03:05:44.772Z", "user": 1, "content_type": 14, "object_id": "23", "object_repr": "( organization (museum): Museum of Contemporary Photography )-[ located_at ]->( place (point): Alexandroff Campus Center )", "action_flag": 1, "change_message": "[{\"added\": {}}]"}}, {"model": "admin.logentry", "pk": 201, "fields": {"action_time": "2017-10-02T03:15:12.331Z", "user": 1, "content_type": 13, "object_id": "31", "object_repr": "work (website): Wikipedia", "action_flag": 1, "change_message": "[{\"added\": {}}]"}}, {"model": "admin.logentry", "pk": 202, "fields": {"action_time": "2017-10-02T03:19:42.766Z", "user": 1, "content_type": 14, "object_id": "24", "object_repr": "( work (sculpture/installation): Chicago Picasso )-[ has_record_source ]->( work (website): Wikipedia )", "action_flag": 1, "change_message": "[{\"added\": {}}]"}}, {"model": "admin.logentry", "pk": 203, "fields": {"action_time": "2017-10-02T03:26:10.387Z", "user": 1, "content_type": 18, "object_id": "10", "object_repr": "aat-outsider-art", "action_flag": 1, "change_message": "[{\"added\": {}}]"}}, {"model": "admin.logentry", "pk": 204, "fields": {"action_time": "2017-10-02T03:27:51.268Z", "user": 1, "content_type": 18, "object_id": "10", "object_repr": "aat outsider art", "action_flag": 2, "change_message": "[]"}}, {"model": "admin.logentry", "pk": 205, "fields": {"action_time": "2017-10-02T03:30:12.702Z", "user": 1, "content_type": 18, "object_id": "1", "object_repr": "painting", "action_flag": 2, "change_message": "[{\"changed\": {\"fields\": [\"value\"]}}]"}}, {"model": "admin.logentry", "pk": 206, "fields": {"action_time": "2017-10-02T03:30:14.797Z", "user": 1, "content_type": 18, "object_id": "2", "object_repr": "drawing", "action_flag": 2, "change_message": "[{\"changed\": {\"fields\": [\"value\"]}}]"}}, {"model": "admin.logentry", "pk": 207, "fields": {"action_time": "2017-10-02T03:30:16.923Z", "user": 1, "content_type": 18, "object_id": "3", "object_repr": "programming", "action_flag": 2, "change_message": "[{\"changed\": {\"fields\": [\"value\"]}}]"}}, {"model": "admin.logentry", "pk": 208, "fields": {"action_time": "2017-10-02T03:30:19.957Z", "user": 1, "content_type": 18, "object_id": "4", "object_repr": "photography", "action_flag": 2, "change_message": "[{\"changed\": {\"fields\": [\"value\"]}}]"}}, {"model": "admin.logentry", "pk": 209, "fields": {"action_time": "2017-10-02T03:30:22.816Z", "user": 1, "content_type": 18, "object_id": "5", "object_repr": "prints", "action_flag": 2, "change_message": "[{\"changed\": {\"fields\": [\"value\"]}}]"}}, {"model": "admin.logentry", "pk": 210, "fields": {"action_time": "2017-10-02T03:30:25.035Z", "user": 1, "content_type": 18, "object_id": "6", "object_repr": "posters", "action_flag": 2, "change_message": "[{\"changed\": {\"fields\": [\"value\"]}}]"}}, {"model": "admin.logentry", "pk": 211, "fields": {"action_time": "2017-10-02T03:30:27.531Z", "user": 1, "content_type": 18, "object_id": "7", "object_repr": "arts, general", "action_flag": 2, "change_message": "[{\"changed\": {\"fields\": [\"value\"]}}]"}}, {"model": "admin.logentry", "pk": 212, "fields": {"action_time": "2017-10-02T03:33:33.371Z", "user": 1, "content_type": 18, "object_id": "8", "object_repr": "outsider art", "action_flag": 2, "change_message": "[{\"changed\": {\"fields\": [\"value\"]}}]"}}, {"model": "admin.logentry", "pk": 213, "fields": {"action_time": "2017-10-02T03:57:24.647Z", "user": 1, "content_type": 13, "object_id": "10", "object_repr": "person/artist: Picasso, Pablo", "action_flag": 2, "change_message": "[{\"changed\": {\"fields\": [\"properties\"]}}]"}}, {"model": "admin.logentry", "pk": 214, "fields": {"action_time": "2017-10-02T03:59:39.952Z", "user": 1, "content_type": 13, "object_id": "30", "object_repr": "place/point: Alexandroff Campus Center", "action_flag": 2, "change_message": "[{\"changed\": {\"fields\": [\"terms\"]}}]"}}, {"model": "admin.logentry", "pk": 215, "fields": {"action_time": "2017-10-02T04:02:10.721Z", "user": 1, "content_type": 13, "object_id": "29", "object_repr": "place/point/plaza: Daley Plaza", "action_flag": 2, "change_message": "[{\"changed\": {\"fields\": [\"properties\"]}}]"}}, {"model": "admin.logentry", "pk": 216, "fields": {"action_time": "2017-10-02T04:02:21.176Z", "user": 1, "content_type": 13, "object_id": "30", "object_repr": "place/point/building: Alexandroff Campus Center", "action_flag": 2, "change_message": "[{\"changed\": {\"fields\": [\"properties\"]}}]"}}, {"model": "admin.logentry", "pk": 217, "fields": {"action_time": "2017-10-02T12:21:09.524Z", "user": 1, "content_type": 13, "object_id": "30", "object_repr": "place/point/address: 600 S. Michigan", "action_flag": 2, "change_message": "[{\"changed\": {\"fields\": [\"name\", \"slug\", \"properties\"]}}]"}}, {"model": "admin.logentry", "pk": 218, "fields": {"action_time": "2017-10-02T12:24:07.386Z", "user": 1, "content_type": 13, "object_id": "30", "object_repr": "place/point/address/building: Alexandroff Campus Center", "action_flag": 2, "change_message": "[{\"changed\": {\"fields\": [\"name\", \"slug\", \"properties\"]}}]"}}, {"model": "admin.logentry", "pk": 219, "fields": {"action_time": "2017-10-03T02:47:18.674Z", "user": 1, "content_type": 13, "object_id": "30", "object_repr": "place/point/address/building: 600 S. Michigan", "action_flag": 2, "change_message": "[{\"changed\": {\"fields\": [\"name\", \"slug\"]}}]"}}, {"model": "admin.logentry", "pk": 220, "fields": {"action_time": "2017-10-03T11:59:15.174Z", "user": 1, "content_type": 18, "object_id": "11", "object_repr": "architecture", "action_flag": 1, "change_message": "[{\"added\": {}}]"}}, {"model": "admin.logentry", "pk": 221, "fields": {"action_time": "2017-10-03T14:47:21.911Z", "user": 1, "content_type": 13, "object_id": "30", "object_repr": "place/point/address/building: 600 S. Michigan", "action_flag": 3, "change_message": ""}}, {"model": "admin.logentry", "pk": 222, "fields": {"action_time": "2017-10-03T14:47:21.923Z", "user": 1, "content_type": 13, "object_id": "29", "object_repr": "place/point/plaza: Daley Plaza", "action_flag": 3, "change_message": ""}}, {"model": "admin.logentry", "pk": 223, "fields": {"action_time": "2017-10-04T11:56:12.897Z", "user": 1, "content_type": 21, "object_id": "1", "object_repr": "Date object", "action_flag": 1, "change_message": "[{\"added\": {}}]"}}, {"model": "admin.logentry", "pk": 224, "fields": {"action_time": "2017-10-04T11:56:38.344Z", "user": 1, "content_type": 21, "object_id": "2", "object_repr": "Date object", "action_flag": 1, "change_message": "[{\"added\": {}}]"}}, {"model": "admin.logentry", "pk": 225, "fields": {"action_time": "2017-10-04T11:57:09.395Z", "user": 1, "content_type": 21, "object_id": "2", "object_repr": "Date object", "action_flag": 2, "change_message": "[{\"changed\": {\"fields\": [\"value\"]}}]"}}, {"model": "admin.logentry", "pk": 226, "fields": {"action_time": "2017-10-05T02:28:57.519Z", "user": 1, "content_type": 21, "object_id": "2", "object_repr": "2001-01-01", "action_flag": 2, "change_message": "[{\"changed\": {\"fields\": [\"date\"]}}]"}}, {"model": "admin.logentry", "pk": 227, "fields": {"action_time": "2017-10-06T00:01:31.232Z", "user": 1, "content_type": 26, "object_id": "5", "object_repr": "Visualist, The", "action_flag": 1, "change_message": "[{\"added\": {}}]"}}, {"model": "admin.logentry", "pk": 228, "fields": {"action_time": "2017-10-06T00:01:56.047Z", "user": 1, "content_type": 26, "object_id": "5", "object_repr": "Visualist, The", "action_flag": 2, "change_message": "[{\"changed\": {\"fields\": [\"date\", \"extra\"]}}]"}}, {"model": "admin.logentry", "pk": 229, "fields": {"action_time": "2017-10-06T00:09:08.282Z", "user": 1, "content_type": 26, "object_id": "6", "object_repr": "Pocket Style Manual, A", "action_flag": 1, "change_message": "[{\"added\": {}}]"}}, {"model": "admin.logentry", "pk": 230, "fields": {"action_time": "2017-10-06T00:09:41.248Z", "user": 1, "content_type": 26, "object_id": "6", "object_repr": "A Pocket Style Manual", "action_flag": 2, "change_message": "[{\"changed\": {\"fields\": [\"title\"]}}]"}}, {"model": "admin.logentry", "pk": 231, "fields": {"action_time": "2017-10-06T00:09:50.089Z", "user": 1, "content_type": 26, "object_id": "5", "object_repr": "The Visualist", "action_flag": 2, "change_message": "[{\"changed\": {\"fields\": [\"title\"]}}]"}}, {"model": "admin.logentry", "pk": 232, "fields": {"action_time": "2017-10-06T00:44:09.258Z", "user": 1, "content_type": 22, "object_id": "1", "object_repr": "Location object", "action_flag": 1, "change_message": "[{\"added\": {}}]"}}, {"model": "admin.logentry", "pk": 233, "fields": {"action_time": "2017-10-06T03:06:05.892Z", "user": 1, "content_type": 26, "object_id": "7", "object_repr": "The ChicagoArts Guide", "action_flag": 1, "change_message": "[{\"added\": {}}]"}}, {"model": "admin.logentry", "pk": 234, "fields": {"action_time": "2017-10-06T03:07:14.670Z", "user": 1, "content_type": 13, "object_id": "25", "object_repr": "person/writer: Telingator, Sue", "action_flag": 3, "change_message": ""}}, {"model": "admin.logentry", "pk": 235, "fields": {"action_time": "2017-10-06T03:07:14.681Z", "user": 1, "content_type": 13, "object_id": "24", "object_repr": "person/writer: Sawyers, June Skinner", "action_flag": 3, "change_message": ""}}, {"model": "admin.logentry", "pk": 236, "fields": {"action_time": "2017-10-06T03:07:14.684Z", "user": 1, "content_type": 13, "object_id": "23", "object_repr": "organization/publisher/company: Chicago Review Press", "action_flag": 3, "change_message": ""}}, {"model": "admin.logentry", "pk": 237, "fields": {"action_time": "2017-10-06T03:07:14.688Z", "user": 1, "content_type": 13, "object_id": "22", "object_repr": "work/book: Chicago Arts Guide, The", "action_flag": 3, "change_message": ""}}, {"model": "admin.logentry", "pk": 238, "fields": {"action_time": "2017-10-06T03:24:34.635Z", "user": 1, "content_type": 25, "object_id": "2", "object_repr": "organization/museum: Museum of Contemporary Photography --> The ChicagoArts Guide", "action_flag": 1, "change_message": "[{\"added\": {}}]"}}, {"model": "admin.logentry", "pk": 239, "fields": {"action_time": "2017-10-06T03:25:44.915Z", "user": 1, "content_type": 26, "object_id": "8", "object_repr": "Wikipedia", "action_flag": 1, "change_message": "[{\"added\": {}}]"}}, {"model": "admin.logentry", "pk": 240, "fields": {"action_time": "2017-10-06T03:28:24.520Z", "user": 1, "content_type": 13, "object_id": "31", "object_repr": "work/website: Wikipedia", "action_flag": 3, "change_message": ""}}, {"model": "admin.logentry", "pk": 241, "fields": {"action_time": "2017-10-06T03:28:24.531Z", "user": 1, "content_type": 13, "object_id": "18", "object_repr": "work/website: The Visualist", "action_flag": 3, "change_message": ""}}, {"model": "admin.logentry", "pk": 242, "fields": {"action_time": "2017-10-06T03:28:24.534Z", "user": 1, "content_type": 13, "object_id": "15", "object_repr": "page/collection: Allan's Collection", "action_flag": 3, "change_message": ""}}, {"model": "admin.logentry", "pk": 243, "fields": {"action_time": "2017-10-06T03:28:24.537Z", "user": 1, "content_type": 13, "object_id": "14", "object_repr": "page/post: Copyright Information", "action_flag": 3, "change_message": ""}}, {"model": "admin.logentry", "pk": 244, "fields": {"action_time": "2017-10-06T03:28:24.539Z", "user": 1, "content_type": 13, "object_id": "13", "object_repr": "page/post: About The Visualist", "action_flag": 3, "change_message": ""}}, {"model": "admin.logentry", "pk": 245, "fields": {"action_time": "2017-10-06T03:35:09.039Z", "user": 1, "content_type": 24, "object_id": "1", "object_repr": "(person/artist/programmer: Berry, Allan)-[lived]->(913 W Cullerton, Apartment 1, Chicago IL)", "action_flag": 1, "change_message": "[{\"added\": {}}]"}}, {"model": "admin.logentry", "pk": 246, "fields": {"action_time": "2017-10-06T03:38:16.714Z", "user": 1, "content_type": 21, "object_id": "2", "object_repr": "2001-01-01", "action_flag": 3, "change_message": ""}}, {"model": "admin.logentry", "pk": 247, "fields": {"action_time": "2017-10-06T03:38:16.718Z", "user": 1, "content_type": 21, "object_id": "1", "object_repr": "2017-10-05", "action_flag": 3, "change_message": ""}}, {"model": "admin.logentry", "pk": 248, "fields": {"action_time": "2017-10-06T03:52:39.503Z", "user": 1, "content_type": 22, "object_id": "2", "object_repr": "15105 Piedmont, Detroit MI", "action_flag": 1, "change_message": "[{\"added\": {}}]"}}, {"model": "admin.logentry", "pk": 249, "fields": {"action_time": "2017-10-06T03:53:01.730Z", "user": 1, "content_type": 21, "object_id": "3", "object_repr": "1977-05-23", "action_flag": 1, "change_message": "[{\"added\": {}}]"}}, {"model": "admin.logentry", "pk": 250, "fields": {"action_time": "2017-10-06T03:53:14.894Z", "user": 1, "content_type": 27, "object_id": "1", "object_repr": "(person/artist/programmer: Berry, Allan)-[born]->(15105 Piedmont, Detroit MI)", "action_flag": 1, "change_message": "[{\"added\": {}}]"}}, {"model": "admin.logentry", "pk": 251, "fields": {"action_time": "2017-10-06T04:02:44.090Z", "user": 1, "content_type": 27, "object_id": "1", "object_repr": "(person/artist/programmer: Berry, Allan)-[born]->(15105 Piedmont, Detroit MI)", "action_flag": 2, "change_message": "[]"}}, {"model": "admin.logentry", "pk": 252, "fields": {"action_time": "2017-10-06T12:27:09.669Z", "user": 1, "content_type": 14, "object_id": "26", "object_repr": "( person/artist/programmer: Berry, Allan )-[ born ]", "action_flag": 1, "change_message": "[{\"added\": {}}]"}}, {"model": "admin.logentry", "pk": 253, "fields": {"action_time": "2017-10-06T13:53:19.797Z", "user": 1, "content_type": 25, "object_id": "2", "object_repr": "organization/museum: Museum of Contemporary Photography --> The ChicagoArts Guide", "action_flag": 2, "change_message": "[]"}}, {"model": "admin.logentry", "pk": 254, "fields": {"action_time": "2017-10-06T14:02:54.665Z", "user": 1, "content_type": 13, "object_id": "32", "object_repr": "organization/gallery: SITE Sharp", "action_flag": 1, "change_message": "[{\"added\": {}}]"}}, {"model": "admin.logentry", "pk": 255, "fields": {"action_time": "2017-10-06T21:48:25.973Z", "user": 1, "content_type": 14, "object_id": "27", "object_repr": "( organization/gallery: SITE Sharp )-[ has_parent ]->( organization/museum/school: Art Institute of Chicago )", "action_flag": 1, "change_message": "[{\"added\": {}}]"}}, {"model": "admin.logentry", "pk": 256, "fields": {"action_time": "2017-10-06T22:03:33.273Z", "user": 1, "content_type": 14, "object_id": "28", "object_repr": "( organization/gallery: SITE Sharp )-[ has_parent ]->( organization/museum/school: Art Institute of Chicago )", "action_flag": 1, "change_message": "[{\"added\": {}}]"}}, {"model": "admin.logentry", "pk": 257, "fields": {"action_time": "2017-10-06T22:07:16.663Z", "user": 1, "content_type": 14, "object_id": "28", "object_repr": "( organization/gallery: SITE Sharp )-[ has_parent ]->( organization/museum/school: Art Institute of Chicago )", "action_flag": 3, "change_message": ""}}, {"model": "admin.logentry", "pk": 258, "fields": {"action_time": "2017-10-06T22:10:53.691Z", "user": 1, "content_type": 14, "object_id": "27", "object_repr": "( organization/gallery: SITE Sharp )-[ has_primary ]->( organization/museum/school: Art Institute of Chicago )", "action_flag": 2, "change_message": "[{\"changed\": {\"fields\": [\"predicate\"]}}]"}}, {"model": "admin.logentry", "pk": 259, "fields": {"action_time": "2017-10-06T22:13:17.548Z", "user": 1, "content_type": 22, "object_id": "3", "object_repr": "37 S. Wabash, Chicago IL", "action_flag": 1, "change_message": "[{\"added\": {}}]"}}, {"model": "admin.logentry", "pk": 260, "fields": {"action_time": "2017-10-06T22:13:39.963Z", "user": 1, "content_type": 14, "object_id": "29", "object_repr": "( organization/gallery: SITE Sharp )-[ has_location ]", "action_flag": 1, "change_message": "[{\"added\": {}}]"}}, {"model": "admin.logentry", "pk": 261, "fields": {"action_time": "2017-10-06T22:13:56.328Z", "user": 1, "content_type": 14, "object_id": "26", "object_repr": "( person/artist/programmer: Berry, Allan )-[ has_beginning ]", "action_flag": 2, "change_message": "[{\"changed\": {\"fields\": [\"predicate\"]}}]"}}, {"model": "admin.logentry", "pk": 262, "fields": {"action_time": "2017-10-06T22:15:54.133Z", "user": 1, "content_type": 18, "object_id": "12", "object_repr": "installation", "action_flag": 1, "change_message": "[{\"added\": {}}]"}}, {"model": "admin.logentry", "pk": 263, "fields": {"action_time": "2017-10-06T22:17:06.265Z", "user": 1, "content_type": 13, "object_id": "33", "object_repr": "event/exhibition: Making Out", "action_flag": 1, "change_message": "[{\"added\": {}}]"}}, {"model": "admin.logentry", "pk": 264, "fields": {"action_time": "2017-10-06T22:19:23.963Z", "user": 1, "content_type": 14, "object_id": "30", "object_repr": "( event/exhibition: Making Out )-[ has_location ]->( organization/gallery: SITE Sharp )", "action_flag": 1, "change_message": "[{\"added\": {}}]"}}, {"model": "admin.logentry", "pk": 265, "fields": {"action_time": "2017-10-06T22:20:28.627Z", "user": 1, "content_type": 21, "object_id": "4", "object_repr": "2017-10-05 15:30:00+00:00", "action_flag": 1, "change_message": "[{\"added\": {}}]"}}, {"model": "admin.logentry", "pk": 266, "fields": {"action_time": "2017-10-06T22:26:34.923Z", "user": 1, "content_type": 14, "object_id": "30", "object_repr": "( event/exhibition: Making Out )-[ has_venue ]->( organization/gallery: SITE Sharp )", "action_flag": 2, "change_message": "[{\"changed\": {\"fields\": [\"predicate\", \"dates\"]}}]"}}, {"model": "admin.logentry", "pk": 267, "fields": {"action_time": "2017-10-06T22:27:46.225Z", "user": 1, "content_type": 14, "object_id": "30", "object_repr": "( event/exhibition: Making Out )-[ has_venue ]->( organization/gallery: SITE Sharp )", "action_flag": 2, "change_message": "[{\"changed\": {\"fields\": [\"dates\"]}}]"}}, {"model": "admin.logentry", "pk": 268, "fields": {"action_time": "2017-10-06T22:28:43.254Z", "user": 1, "content_type": 13, "object_id": "34", "object_repr": "event/reception: Making Out opening", "action_flag": 1, "change_message": "[{\"added\": {}}]"}}, {"model": "admin.logentry", "pk": 269, "fields": {"action_time": "2017-10-06T22:28:53.602Z", "user": 1, "content_type": 13, "object_id": "34", "object_repr": "event/reception: Making Out opening", "action_flag": 2, "change_message": "[]"}}, {"model": "admin.logentry", "pk": 270, "fields": {"action_time": "2017-10-06T22:35:31.853Z", "user": 1, "content_type": 25, "object_id": "3", "object_repr": "event/exhibition: Making Out --> The Visualist", "action_flag": 1, "change_message": "[{\"added\": {}}]"}}]